45201,"880  ","8800000","лн╗яи╣П","лн╗яи╝","▓Хк╣▓╗▓Хя┼▓╩я▒▓","І{ЇУїД","І{ЇУјs","ѕ╚Ѕ║ѓ╔їfЇ┌ѓфѓ╚ѓбЈЖЇЄ",0,0,0,0,0,0
45201,"88921","8892162","лн╗яи╣П","лн╗яи╝","▒х╝¤","І{ЇУїД","І{ЇУјs","љ┬ЊЄ",0,0,1,0,0,0
45201,"88921","8892163","лн╗яи╣П","лн╗яи╝","▒х╝¤к╝","І{ЇУїД","І{ЇУјs","љ┬ЊЄљ╝",0,0,1,0,0,0
45201,"880  ","8800842","лн╗яи╣П","лн╗яи╝","▒х╩я┴о│","І{ЇУїД","І{ЇУјs","љ┬Ќtњг",0,0,0,0,0,0
45201,"880  ","8800912","лн╗яи╣П","лн╗яи╝","▒Х┤","І{ЇУїД","І{ЇУјs","љнЇ]",0,0,0,0,0,0
45201,"880  ","8800803","лн╗яи╣П","лн╗яи╝","▒╗╦","І{ЇУїД","І{ЇУјs","ѕ«",0,0,1,0,0,0
45201,"880  ","8800864","лн╗яи╣П","лн╗яи╝","▒┬я¤┴о│","І{ЇУїД","І{ЇУјs","їрЇ╚њг",0,0,0,0,0,0
45201,"88021","8802101","лн╗яи╣П","лн╗яи╝","▒─┤","І{ЇУїД","І{ЇУјs","љНЇ]",0,0,0,0,0,0
45201,"88021","8802102","лн╗яи╣П","лн╗яи╝","▒п└","І{ЇУїД","І{ЇУјs","ЌLЊc",0,0,0,0,0,0
45201,"880  ","8800835","лн╗яи╣П","лн╗яи╝","▒▄иХя╩О┴о│","І{ЇУїД","І{ЇУјs","ѕбћgіЫї┤њг",0,0,0,0,0,0
45201,"88021","8802103","лн╗яи╣П","лн╗яи╝","▓им","І{ЇУїД","І{ЇУјs","љХќ┌",0,0,0,0,0,0
45201,"880  ","8800942","лн╗яи╣П","лн╗яи╝","▓им└я▓╦Хя╝","І{ЇУїД","І{ЇУјs","љХќ┌ЉСЊї",0,0,1,0,0,0
45201,"880  ","8800943","лн╗яи╣П","лн╗яи╝","▓им└я▓к╝","І{ЇУїД","І{ЇУјs","љХќ┌ЉСљ╝",0,0,1,0,0,0
45201,"880  ","8800041","лн╗яи╣П","лн╗яи╝","▓╣│┴┴о│","І{ЇУїД","І{ЇУјs","њrЊЯњг",0,0,0,0,0,0
45201,"880  ","8800854","лн╗яи╣П","лн╗яи╝","▓┴╔лн┴о│","І{ЇУїД","І{ЇУјs","ѕЖѓ╠І{њг",0,0,0,0,0,0
45201,"88022","8802231","лн╗яи╣П","лн╗яи╝","▓─╩я┘","І{ЇУїД","І{ЇУјs","јЁї┤",0,0,0,0,0,0
45201,"88021","8802104","лн╗яи╣П","лн╗яи╝","│и└","І{ЇУїД","І{ЇУјs","ЋѓЊc",0,0,0,0,0,0
45201,"880  ","8800821","лн╗яи╣П","лн╗яи╝","│и╔╝яо│┴о│","І{ЇУїД","І{ЇУјs","ЋѓЈжњг",0,0,0,0,0,0
45201,"88923","8892301","лн╗яи╣П","лн╗яи╝","│┴│л","І{ЇУїД","І{ЇУјs","ЊЯіC",0,0,0,0,0,0
45201,"88003","8800344","лн╗яи╣П","лн╗яи╝","│пН│╔(╝М╩└)","І{ЇУїД","І{ЇУјs","ЅZљХќВЂiЅ║ћеЂj",1,0,0,0,0,0
45201,"880  ","8800044","лн╗яи╣П","лн╗яи╝","│пН│╔(┐╔└)","І{ЇУїД","І{ЇУјs","ЅZљХќВЂiѓ╗ѓ╠Љ╝Ђj",1,0,0,0,0,0
45201,"880  ","8800872","лн╗яи╣П","лн╗яи╝","┤▓ОИ┴о│","І{ЇУїД","І{ЇУјs","Ѕiіyњг",0,0,0,0,0,0
45201,"880  ","8800814","лн╗яи╣П","лн╗яи╝","┤╦О┼Х¤┴","І{ЇУїД","І{ЇУјs","Ї]Ћйњєњг",0,0,0,0,0,0
45201,"880  ","8800817","лн╗яи╣П","лн╗яи╝","┤╦О╦Хя╝¤┴","І{ЇУїД","І{ЇУјs","Ї]ЋйЊїњг",0,0,0,0,0,0
45201,"880  ","8800816","лн╗яи╣П","лн╗яи╝","┤╦О╦Хя╝","І{ЇУїД","І{ЇУјs","Ї]ЋйЊї",0,0,1,0,0,0
45201,"880  ","8800051","лн╗яи╣П","лн╗яи╝","┤╦Ок╝","І{ЇУїД","І{ЇУјs","Ї]Ћйљ╝",0,0,1,0,0,0
45201,"880  ","8800815","лн╗яи╣П","лн╗яи╝","┤╦О┴о│","І{ЇУїД","І{ЇУјs","Ї]Ћйњг",0,0,1,0,0,0
45201,"880  ","8800801","лн╗яи╣П","лн╗яи╝","х▓¤┬","І{ЇУїД","І{ЇУјs","ўVЈ╝",0,0,1,0,0,0
45201,"880  ","8800824","лн╗яи╣П","лн╗яи╝","хх╝¤┴о│","І{ЇУїД","І{ЇУјs","ЉтЊЄњг",0,0,0,0,0,0
45201,"88003","8800345","лн╗яи╣П","лн╗яи╝","ххЙ¤┴(Хл╩└)","І{ЇУїД","І{ЇУјs","ЉтљБњгЂiЈсћеЂj",1,0,0,0,0,0
45201,"880  ","8800045","лн╗яи╣П","лн╗яи╝","ххЙ¤┴(┐╔└)","І{ЇУїД","І{ЇУјs","ЉтљБњгЂiѓ╗ѓ╠Љ╝Ђj",1,0,0,0,0,0
45201,"880  ","8800903","лн╗яи╣П","лн╗яи╝","хх└","І{ЇУїД","І{ЇУјs","ЉЙЊc",0,0,1,0,0,0
45201,"880  ","8800952","лн╗яи╣П","лн╗яи╝","хх┬Х└я▓╦Хя╝","І{ЇУїД","І{ЇУјs","Љтњ╦ЉСЊї",0,0,1,0,0,0
45201,"88021","8802105","лн╗яи╣П","лн╗яи╝","хх┬Х└я▓к╝","І{ЇУїД","І{ЇУјs","Љтњ╦ЉСљ╝",0,0,1,0,0,0
45201,"880  ","8800951","лн╗яи╣П","лн╗яи╝","хх┬Х┴о│","І{ЇУїД","І{ЇУјs","Љтњ╦њг",0,0,0,0,0,0
45201,"880  ","8800933","лн╗яи╣П","лн╗яи╝","хх┬╬я┴о│","І{ЇУїД","І{ЇУјs","Љтњпњг",0,0,0,0,0,0
45201,"880  ","8800934","лн╗яи╣П","лн╗яи╝","хх┬╬я╦Хя╝","І{ЇУїД","І{ЇУјs","ЉтњпЊї",0,0,1,0,0,0
45201,"880  ","8800932","лн╗яи╣П","лн╗яи╝","хх┬╬як╝","І{ЇУїД","І{ЇУјs","Љтњпљ╝",0,0,1,0,0,0
45201,"880  ","8800022","лн╗яи╣П","лн╗яи╝","хх╩╝","І{ЇУїД","І{ЇУјs","ЉтІ┤",0,0,1,0,0,0
45201,"880  ","8800902","лн╗яи╣П","лн╗яи╝","ххо─я","І{ЇУїД","І{ЇУјs","ЉтЌё",0,0,1,0,0,0
45201,"880  ","8800857","лн╗яи╣П","лн╗яи╝","х─я┴о│","І{ЇУїД","І{ЇУјs","Јгї╦њг",0,0,0,0,0,0
45201,"88921","8892164","лн╗яи╣П","лн╗яи╝","хп│╗я║","І{ЇУїД","І{ЇУјs","љ▄љХћЌ",0,0,0,0,0,0
45201,"88921","8892161","лн╗яи╣П","лн╗яи╝","Х┤└я","І{ЇУїД","І{ЇУјs","Ѕ┴Ї]Њc",0,0,0,0,0,0
45201,"880  ","8800947","лн╗яи╣П","лн╗яи╝","Хх┘╗яХ","І{ЇУїД","І{ЇУјs","їOѓжЇР",0,0,1,0,0,0
45201,"88921","8892156","лн╗яи╣П","лн╗яи╝","ХХялйя","І{ЇУїД","І{ЇУјs","ІЙЈF",0,0,0,0,0,0
45201,"88921","8892154","лн╗яи╣П","лн╗яи╝","ХяИ┤Пи╩┼└я▓╗ИО","І{ЇУїД","І{ЇУјs","іwЅђќпЅнЉСЇэ",0,0,1,0,0,0
45201,"88921","8892155","лн╗яи╣П","лн╗яи╝","ХяИ┤Пи╩я┼└я▓к╝","І{ЇУїД","І{ЇУјs","іwЅђќпЅнЉСљ╝",0,0,1,0,0,0
45201,"88921","8892153","лн╗яи╣П","лн╗яи╝","ХяИ┤Пи╩я┼└я▓л┼л","І{ЇУїД","І{ЇУјs","іwЅђќпЅнЉСЊВ",0,0,1,0,0,0
45201,"88921","8892152","лн╗яи╣П","лн╗яи╝","ХяИ┤Пи╩я┼└я▓и└","І{ЇУїД","І{ЇУјs","іwЅђќпЅнЉСќk",0,0,1,0,0,0
45201,"88021","8802111","лн╗яи╣П","лн╗яи╝","Х╝▄╩я┘","І{ЇУїД","І{ЇУјs","ћљї┤",0,0,0,0,0,0
45201,"88022","8802234","лн╗яи╣П","лн╗яи╝","Х╚╗яи","І{ЇУїД","І{ЇУјs","ІЯЇУ",0,0,0,0,0,0
45201,"880  ","8800043","лн╗яи╣П","лн╗яи╝","Хли└Х└","І{ЇУїД","І{ЇУјs","ЈсќkЋч",0,0,0,0,0,0
45201,"880  ","8800011","лн╗яи╣П","лн╗яи╝","Хл╔¤┴","І{ЇУїД","І{ЇУјs","ЈсќВњг",0,0,0,0,0,0
45201,"880  ","8800866","лн╗яи╣П","лн╗яи╝","Х▄О¤┴","І{ЇУїД","І{ЇУјs","љВї┤њг",0,0,0,0,0,0
45201,"880  ","8800024","лн╗яи╣П","лн╗яи╝","ияхП","І{ЇУїД","І{ЇУјs","І_Ѕђ",0,0,1,0,0,0
45201,"880  ","8800941","лн╗яи╣П","лн╗яи╝","и└Х▄│┴┴о│","І{ЇУїД","І{ЇУјs","ќkљВЊЯњг",0,0,0,0,0,0
45201,"880  ","8800823","лн╗яи╣П","лн╗яи╝","и└║яП╣яП┴о│","І{ЇУїД","І{ЇУјs","ќkїаї╗њг",0,0,0,0,0,0
45201,"880  ","8800017","лн╗яи╣П","лн╗яи╝","и└└Х¤┬┴о│","І{ЇУїД","І{ЇУјs","ќkЇѓЈ╝њг",0,0,0,0,0,0
45201,"880  ","8800923","лн╗яи╣П","лн╗яи╝","и╬я│ХяхХ","І{ЇУїД","І{ЇУјs","ізќ]ЃPІu",0,0,1,0,0,0
45201,"880  ","8800937","лн╗яи╣П","лн╗яи╝","ио│┬Х","І{ЇУїД","І{ЇУјs","Іъњ╦",0,0,1,0,0,0
45201,"880  ","8800938","лн╗яи╣П","лн╗яи╝","ио│┬яХ┴о│","І{ЇУїД","І{ЇУјs","Іъњ╦њг",0,0,0,0,0,0
45201,"88916","8891609","лн╗яи╣П","лн╗яи╝","ио└╣┴о│▒╗╦","І{ЇУїД","І{ЇУјs","љ┤Ћљњгѓаѓ│ѓл",0,0,1,0,0,0
45201,"88916","8891606","лн╗яи╣П","лн╗яи╝","ио└╣┴о│▓╣└я└я▓","І{ЇУїД","І{ЇУјs","љ┤ЋљњгњrЊcЉС",0,0,0,0,0,0
45201,"88916","8891608","лн╗яи╣П","лн╗яи╝","ио└╣┴о│▓╣└я└я▓и└","І{ЇУїД","І{ЇУјs","љ┤ЋљњгњrЊcЉСќk",0,0,0,0,0,0
45201,"88916","8891602","лн╗яи╣П","лн╗яи╝","ио└╣┴о│▓¤▓йял","І{ЇУїД","І{ЇУјs","љ┤ЋљњгЇАљЫ",0,0,0,0,0,0
45201,"88916","8891612","лн╗яи╣П","лн╗яи╝","ио└╣┴о│хХ","І{ЇУїД","І{ЇУјs","љ┤ЋљњгЅф",0,0,1,0,0,0
45201,"88916","8891607","лн╗яи╣П","лн╗яи╝","ио└╣┴о│Х╔│(┴о│м)","І{ЇУїД","І{ЇУјs","љ┤ЋљњгЅ┴ћ[Ђiњџќ┌Ђj",1,0,1,0,0,0
45201,"88916","8891605","лн╗яи╣П","лн╗яи╝","ио└╣┴о│Х╔│(╩яП┴)","І{ЇУїД","І{ЇУјs","љ┤ЋљњгЅ┴ћ[ЂiћнњnЂj",1,0,0,0,0,0
45201,"88916","8891601","лн╗яи╣П","лн╗яи╝","ио└╣┴о│и╩О","І{ЇУїД","І{ЇУјs","љ┤Ћљњгќпї┤",0,0,0,0,0,0
45201,"88916","8891603","лн╗яи╣П","лн╗яи╝","ио└╣┴о│╝о│├я","І{ЇУїД","І{ЇУјs","љ┤Ћљњгљ│јУ",0,0,1,0,0,0
45201,"88916","8891611","лн╗яи╣П","лн╗яи╝","ио└╣┴о│╝П¤┴","І{ЇУїД","І{ЇУјs","љ┤ЋљњгљVњг",0,0,1,0,0,0
45201,"88916","8891613","лн╗яи╣П","лн╗яи╝","ио└╣┴о│к╝╝П¤┴","І{ЇУїД","І{ЇУјs","љ┤Ћљњгљ╝љVњг",0,0,0,0,0,0
45201,"88916","8891604","лн╗яи╣П","лн╗яи╝","ио└╣┴о│╠┼╦и","І{ЇУїД","І{ЇУјs","љ┤ЋљњгЉDѕЭ",0,0,0,0,0,0
45201,"880  ","8800032","лн╗яи╣П","лн╗яи╝","ип╝¤","І{ЇУїД","І{ЇУјs","ќХЊЄ",0,0,1,0,0,0
45201,"880  ","8800924","лн╗яи╣П","лн╗яи╝","Ия╝я╠яП","І{ЇУїД","І{ЇУјs","їSјiЋф",0,0,0,0,0,0
45201,"88921","8892151","лн╗яи╣П","лн╗яи╝","И¤╔","І{ЇУїД","І{ЇУјs","їFќВ",0,0,0,0,0,0
45201,"880  ","8800927","лн╗яи╣П","лн╗яи╝","╣яП─я│┴о│","І{ЇУїД","І{ЇУјs","ї╣ЊАњг",0,0,0,0,0,0
45201,"880  ","8800944","лн╗яи╣П","лн╗яи╝","║│┼П","І{ЇУїД","І{ЇУјs","Ї]ЊВ",0,0,1,0,0,0
45201,"88021","8802112","лн╗яи╣П","лн╗яи╝","║¤┬","І{ЇУїД","І{ЇУјs","ЈгЈ╝",0,0,0,0,0,0
45201,"88021","8802113","лн╗яи╣П","лн╗яи╝","║¤┬└я▓и└¤┴","І{ЇУїД","І{ЇУјs","ЈгЈ╝ЉСќkњг",0,0,0,0,0,0
45201,"880  ","8800954","лн╗яи╣П","лн╗яи╝","║¤┬└я▓к╝","І{ЇУїД","І{ЇУјs","ЈгЈ╝ЉСљ╝",0,0,1,0,0,0
45201,"880  ","8800953","лн╗яи╣П","лн╗яи╝","║¤┬└я▓╦Хя╝","І{ЇУїД","І{ЇУјs","ЈгЈ╝ЉСЊї",0,0,1,0,0,0
45201,"88021","8800956","лн╗яи╣П","лн╗яи╝","║¤┬└я▓л┼л¤┴","І{ЇУїД","І{ЇУјs","ЈгЈ╝ЉСЊВњг",0,0,0,0,0,0
45201,"880  ","8800822","лн╗яи╣П","лн╗яи╝","║яП╣яП┴о│","І{ЇУїД","І{ЇУјs","їаї╗њг",0,0,0,0,0,0
45201,"880  ","8800955","лн╗яи╣П","лн╗яи╝","╗ИОХяхХ┴о│","І{ЇУїД","І{ЇУјs","ЇэЃPІuњг",0,0,0,0,0,0
45201,"880  ","8800057","лн╗яи╣П","лн╗яи╝","╗ИО¤┴","І{ЇУїД","І{ЇУјs","Їэњг",0,0,0,0,0,0
45201,"880  ","8800213","лн╗яи╣П","лн╗яи╝","╗─я▄О┴о│▓╝╗яи","І{ЇУїД","І{ЇУјs","Ї▓Њyї┤њгљ╬ЇУ",0,0,1,0,0,0
45201,"88003","8800301","лн╗яи╣П","лн╗яи╝","╗─я▄О┴о│Хл└╝я¤","І{ЇУїД","І{ЇУјs","Ї▓Њyї┤њгЈсЊcЊЄ",0,0,0,0,0,0
45201,"88002","8800211","лн╗яи╣П","лн╗яи╝","╗─я▄О┴о│╝М└╝я¤","І{ЇУїД","І{ЇУјs","Ї▓Њyї┤њгЅ║ЊcЊЄ",0,0,0,0,0,0
45201,"88002","8800204","лн╗яи╣П","лн╗яи╝","╗─я▄О┴о│╝М─П└я","І{ЇУїД","І{ЇУјs","Ї▓Њyї┤њгЅ║ЋxЊc",0,0,0,0,0,0
45201,"88002","8800212","лн╗яи╣П","лн╗яи╝","╗─я▄О┴о│╝М┼Х","І{ЇУїД","І{ЇУјs","Ї▓Њyї┤њгЅ║Њ▀Ѕ¤",0,0,0,0,0,0
45201,"88003","8800302","лн╗яи╣П","лн╗яи╝","╗─я▄О┴о│к╝Хл┼Х","І{ЇУїД","І{ЇУјs","Ї▓Њyї┤њгљ╝ЈсЊ▀Ѕ¤",0,0,0,0,0,0
45201,"88003","8800303","лн╗яи╣П","лн╗яи╝","╗─я▄О┴о│╦Хя╝Хл┼Х","І{ЇУїД","І{ЇУјs","Ї▓Њyї┤њгЊїЈсЊ▀Ѕ¤",0,0,0,0,0,0
45201,"88002","8800214","лн╗яи╣П","лн╗яи╝","╗─я▄О┴о│¤┬║│╝я","І{ЇУїД","І{ЇУјs","Ї▓Њyї┤њгЈ╝ЈгўH",0,0,0,0,0,0
45201,"88001","8800122","лн╗яи╣П","лн╗яи╝","╝х╝я","І{ЇУїД","І{ЇУјs","ЅќўH",0,0,0,0,0,0
45201,"880  ","8800862","лн╗яи╣П","лн╗яи╝","╝хл┴о│","І{ЇУїД","І{ЇУјs","њфїЕњг",0,0,0,0,0,0
45201,"88001","8800121","лн╗яи╣П","лн╗яи╝","╝¤╔│┴","І{ЇУїД","І{ЇУјs","ЊЄћVЊЯ",0,0,0,0,0,0
45201,"880  ","8800021","лн╗яи╣П","лн╗яи╝","╝лйя","І{ЇУїД","І{ЇУјs","љ┤љЁ",0,0,1,0,0,0
45201,"880  ","8800035","лн╗яи╣П","лн╗яи╝","╝Ми└Х└¤┴","І{ЇУїД","І{ЇУјs","Ѕ║ќkЋчњг",0,0,0,0,0,0
45201,"880  ","8800843","лн╗яи╣П","лн╗яи╝","╝М╩О┴о│","І{ЇУїД","І{ЇУјs","Ѕ║ї┤њг",0,0,0,0,0,0
45201,"880  ","8800833","лн╗яи╣П","лн╗яи╝","╝о│┤▓┴о│","І{ЇУїД","І{ЇУјs","Ј║Ѕhњг",0,0,0,0,0,0
45201,"880  ","8800917","лн╗яи╣П","лн╗яи╝","╝яо│Хя╗и","І{ЇУїД","І{ЇУјs","ЈжЃPЇУ",0,0,1,0,0,0
45201,"880  ","8800876","лн╗яи╣П","лн╗яи╝","╝яо│─я┤┴о│","І{ЇУїД","І{ЇУјs","ЈЫЊyЇ]њг",0,0,0,0,0,0
45201,"880  ","8800874","лн╗яи╣П","лн╗яи╝","╝о│▄┴о│","І{ЇУїД","І{ЇУјs","Ј║ўaњг",0,0,0,0,0,0
45201,"880  ","8800831","лн╗яи╣П","лн╗яи╝","╝П┤▓┴о│","І{ЇУїД","І{ЇУјs","љVЅhњг",0,0,0,0,0,0
45201,"880  ","8800053","лн╗яи╣П","лн╗яи╝","╝яПИя│","І{ЇУїД","І{ЇУјs","љ_І{",0,0,1,0,0,0
45201,"880  ","8800033","лн╗яи╣П","лн╗яи╝","╝яПИя│к╝","І{ЇУїД","І{ЇУјs","љ_І{љ╝",0,0,1,0,0,0
45201,"880  ","8800056","лн╗яи╣П","лн╗яи╝","╝яПИя│╦Хя╝","І{ЇУїД","І{ЇУјs","љ_І{Њї",0,0,1,0,0,0
45201,"880  ","8800054","лн╗яи╣П","лн╗яи╝","╝яПИя│┴о│","І{ЇУїД","І{ЇУјs","љ_І{њг",0,0,0,0,0,0
45201,"880  ","8800845","лн╗яи╣П","лн╗яи╝","╝П╝яо│┴о│","І{ЇУїД","І{ЇУјs","љVЈжњг",0,0,0,0,0,0
45201,"880  ","8800834","лн╗яи╣П","лн╗яи╝","╝П═я┬╠▀┴о│","І{ЇУїД","І{ЇУјs","љVЋ╩Ћ{њг",0,0,0,0,0,0
45201,"880  ","8800012","лн╗яи╣П","лн╗яи╝","й┤╦█","І{ЇУїД","І{ЇУјs","ќќЇL",0,0,1,0,0,0
45201,"880  ","8800867","лн╗яи╣П","лн╗яи╝","ЙХя╝О","І{ЇУїД","І{ЇУјs","љБЊф",0,0,1,0,0,0
45201,"880  ","8800868","лн╗яи╣П","лн╗яи╝","ЙХя╝О┴о│","І{ЇУїД","І{ЇУјs","љБЊфњг",0,0,0,0,0,0
45201,"880  ","8800875","лн╗яи╣П","лн╗яи╝","┐╝┴о│","І{ЇУїД","І{ЇУјs","Љ]јtњг",0,0,0,0,0,0
45201,"880  ","8800871","лн╗яи╣П","лн╗яи╝","└я▓х│┴о│","І{ЇУїД","І{ЇУјs","ЉтЅцњг",0,0,0,0,0,0
45201,"880  ","8800015","лн╗яи╣П","лн╗яи╝","└я▓И","І{ЇУїД","І{ЇУјs","ЉтЇH",0,0,1,0,0,0
45201,"88022","8802224","лн╗яи╣П","лн╗яи╝","└ХхХ┴о│▓▓└я","І{ЇУїД","І{ЇУјs","ЇѓЅфњгћЛЊc",0,0,1,0,0,0
45201,"88022","8802221","лн╗яи╣П","лн╗яи╝","└ХхХ┴о││┴н¤(1-3214╩яП┴)","І{ЇУїД","І{ЇУјs","ЇѓЅфњгЊЯјRЂiѓPЂ`ѓRѓQѓPѓSћнњnЂj",1,0,0,0,0,0
45201,"88023","8802321","лн╗яи╣П","лн╗яи╝","└ХхХ┴о││┴н¤(┐╔└)","І{ЇУїД","І{ЇУјs","ЇѓЅфњгЊЯјRЂiѓ╗ѓ╠Љ╝Ђj",1,0,0,0,0,0
45201,"88022","8802223","лн╗яи╣П","лн╗яи╝","└ХхХ┴о││О╔ло│(2793-4389╩яП┴)","І{ЇУїД","І{ЇУјs","ЇѓЅфњгЅYћVќ╝ЂiѓQѓVѓXѓRЂ`ѓSѓRѓWѓXћнњnЂj",1,0,0,0,0,0
45201,"88023","8802323","лн╗яи╣П","лн╗яи╝","└ХхХ┴о││О╔ло│(┐╔└)","І{ЇУїД","І{ЇУјs","ЇѓЅфњгЅYћVќ╝Ђiѓ╗ѓ╠Љ╝Ђj",1,0,0,0,0,0
45201,"88022","8802214","лн╗яи╣П","лн╗яи╝","└ХхХ┴о│хн¤└я","І{ЇУїД","І{ЇУјs","ЇѓЅфњгЈгјRЊc",0,0,0,0,0,0
45201,"88917","8891713","лн╗яи╣П","лн╗яи╝","└ХхХ┴о│ХлИО┼Хя(1206-1268╩яП┴ц│┴╔н┤)","І{ЇУїД","І{ЇУјs","ЇѓЅфњгЈсЉqЅiЂiѓPѓQѓOѓUЂ`ѓPѓQѓUѓWћнњnЂAЊЯѓ╠ћфЈdЂj",1,0,0,0,0,0
45201,"88022","8802213","лн╗яи╣П","лн╗яи╝","└ХхХ┴о│ХлИО┼Хя(┐╔└)","І{ЇУїД","І{ЇУјs","ЇѓЅфњгЈсЉqЅiЂiѓ╗ѓ╠Љ╝Ђj",1,0,0,0,0,0
45201,"88023","8802325","лн╗яи╣П","лн╗яи╝","└ХхХ┴о│Хлн","І{ЇУїД","І{ЇУјs","ЇѓЅфњгјєЅ«",0,0,0,0,0,0
45201,"88023","8802222","лн╗яи╣П","лн╗яи╝","└ХхХ┴о│║я┴о│(1-3137╩яП┴)","І{ЇУїД","І{ЇУјs","ЇѓЅфњгї▄њгЂiѓPЂ`ѓRѓPѓRѓVћнњnЂj",1,0,0,0,0,0
45201,"88022","8802322","лн╗яи╣П","лн╗яи╝","└ХхХ┴о│║я┴о│(┐╔└)","І{ЇУїД","І{ЇУјs","ЇѓЅфњгї▄њгЂiѓ╗ѓ╠Љ╝Ђj",1,0,0,0,0,0
45201,"88022","8802212","лн╗яи╣П","лн╗яи╝","└ХхХ┴о│╝МИО┼Хя","І{ЇУїД","І{ЇУјs","ЇѓЅфњгЅ║ЉqЅi",0,0,0,0,0,0
45201,"88022","8802215","лн╗яи╣П","лн╗яи╝","└ХхХ┴о│└Х╩¤","І{ЇУїД","І{ЇУјs","ЇѓЅфњгЇѓЋl",0,0,0,0,0,0
45201,"88022","8802211","лн╗яи╣П","лн╗яи╝","└ХхХ┴о│╩┼л","І{ЇУїД","І{ЇУјs","ЇѓЅфњгЅнїЕ",0,0,0,0,0,0
45201,"880  ","8800852","лн╗яи╣П","лн╗яи╝","└Хй┴о│","І{ЇУїД","І{ЇУјs","ЇѓЈFњг",0,0,0,0,0,0
45201,"880  ","8800812","лн╗яи╣П","лн╗яи╝","└Х┴╬─яхп","І{ЇУїД","І{ЇУјs","ЇѓљуЋСњ╩",0,0,1,0,0,0
45201,"880  ","8800003","лн╗яи╣П","лн╗яи╝","└Х¤┬┴о│","І{ЇУїД","І{ЇУјs","ЇѓЈ╝њг",0,0,0,0,0,0
45201,"880  ","8800855","лн╗яи╣П","лн╗яи╝","└╝█┴о│","І{ЇУїД","І{ЇУјs","ЊcЉсњг",0,0,0,0,0,0
45201,"880  ","8800001","лн╗яи╣П","лн╗яи╝","└┴╩я┼─яхпк╝","І{ЇУїД","І{ЇУјs","Іkњ╩љ╝",0,0,1,0,0,0
45201,"880  ","8800805","лн╗яи╣П","лн╗яи╝","└┴╩я┼─яхп╦Хя╝","І{ЇУїД","І{ЇУјs","Іkњ╩Њї",0,0,1,0,0,0
45201,"880  ","8800908","лн╗яи╣П","лн╗яи╝","└кХя▄","І{ЇУїД","І{ЇУјs","њJљВ",0,0,1,0,0,0
45201,"880  ","8800909","лн╗яи╣П","лн╗яи╝","└кХя▄┴о│","І{ЇУїД","І{ЇУјs","њJљВњг",0,0,1,0,0,0
45201,"88917","8891703","лн╗яи╣П","лн╗яи╝","└╔┴о│▒╣╬я╔","І{ЇУїД","І{ЇУјs","ЊcќВњгѓаѓ»ѓ┌ѓ╠",0,0,1,0,0,0
45201,"88917","8891702","лн╗яи╣П","лн╗яи╝","└╔┴о│х┬","І{ЇУїД","І{ЇУјs","ЊcќВњгЅ│",0,0,0,0,0,0
45201,"88917","8891701","лн╗яи╣П","лн╗яи╝","└╔┴о│║│","І{ЇУїД","І{ЇУјs","ЊcќВњгЇb",0,0,0,0,0,0
45201,"88917","8891704","лн╗яи╣П","лн╗яи╝","└╔┴о│л┼л╩я┘","І{ЇУїД","І{ЇУјs","ЊcќВњгЊВї┤",0,0,1,0,0,0
45201,"880  ","8800911","лн╗яи╣П","лн╗яи╝","└о╝","І{ЇУїД","І{ЇУјs","ЊcІg",0,0,0,0,0,0
45201,"880  ","8800006","лн╗яи╣П","лн╗яи╝","┴Ия╗┴о│","І{ЇУїД","І{ЇУјs","љуЉљњг",0,0,0,0,0,0
45201,"880  ","8800002","лн╗яи╣П","лн╗яи╝","┴Н│х│─яхп","І{ЇУїД","І{ЇУјs","њєЅЏњ╩",0,0,0,0,0,0
45201,"880  ","8800926","лн╗яи╣П","лн╗яи╝","┬илХяхХ","І{ЇУїД","І{ЇУјs","їјїЕЃPІu",0,0,1,0,0,0
45201,"88022","8802232","лн╗яи╣П","лн╗яи╝","┬┬л│┴","І{ЇУїД","І{ЇУјs","њуЊЯ",0,0,0,0,0,0
45201,"880  ","8800913","лн╗яи╣П","лн╗яи╝","┬╚╦╗(┴о│м)","І{ЇУїД","І{ЇУјs","ЇPІvЂiњџќ┌Ђj",1,0,1,0,0,0
45201,"880  ","8800916","лн╗яи╣П","лн╗яи╝","┬╚╦╗(╩яП┴)","І{ЇУїД","І{ЇУјs","ЇPІvЂiћнњnЂj",1,0,0,0,0,0
45201,"880  ","8800915","лн╗яи╣П","лн╗яи╝","┬╚╦╗л┼л","І{ЇУїД","І{ЇУјs","ЇPІvЊВ",0,0,1,0,0,0
45201,"880  ","8800014","лн╗яи╣П","лн╗яи╝","┬┘╔╝¤","І{ЇУїД","І{ЇУјs","њ▀ЊЄ",0,0,1,0,0,0
45201,"880  ","8800861","лн╗яи╣П","лн╗яи╝","├яи╝я¤┴о│","І{ЇУїД","І{ЇУјs","ЈoЌѕЊЄњг",0,0,0,0,0,0
45201,"880  ","8800936","лн╗яи╣П","лн╗яи╝","├П¤П","І{ЇУїД","І{ЇУјs","ЊVќъ",0,0,1,0,0,0
45201,"880  ","8800935","лн╗яи╣П","лн╗яи╝","├П¤П┴о│","І{ЇУїД","І{ЇУјs","ЊVќъњг",0,0,0,0,0,0
45201,"880  ","8800928","лн╗яи╣П","лн╗яи╝","─│Ия│","І{ЇУїД","І{ЇУјs","ЊїІ{",0,0,1,0,0,0
45201,"88021","8802114","лн╗яи╣П","лн╗яи╝","─ло╝","І{ЇУїД","І{ЇУјs","ЋxІg",0,0,0,0,0,0
45201,"880  ","8800025","лн╗яи╣П","лн╗яи╝","┼Х┬Й┴о│","І{ЇУїД","І{ЇУјs","њєњ├љБњг",0,0,0,0,0,0
45201,"880  ","8800853","лн╗яи╣П","лн╗яи╝","┼Хк╝┴о│","І{ЇУїД","І{ЇУјs","њєљ╝њг",0,0,0,0,0,0
45201,"880  ","8800904","лн╗яи╣П","лн╗яи╝","┼ХЛО╦Хя╝","І{ЇУїД","І{ЇУјs","њєЉ║Њї",0,0,1,0,0,0
45201,"880  ","8800905","лн╗яи╣П","лн╗яи╝","┼ХЛОк╝","І{ЇУїД","І{ЇУјs","њєЉ║љ╝",0,0,1,0,0,0
45201,"88021","8802115","лн╗яи╣П","лн╗яи╝","┼Хял╚","І{ЇУїД","І{ЇУјs","њиЌС",0,0,0,0,0,0
45201,"880  ","8800826","лн╗яи╣П","лн╗яи╝","┼л╝¤","І{ЇУїД","І{ЇУјs","ћgЊЄ",0,0,1,0,0,0
45201,"88001","8800124","лн╗яи╣П","лн╗яи╝","к▓┼┬ям","І{ЇУїД","І{ЇУјs","љVќ╝њ▄",0,0,0,0,0,0
45201,"880  ","8800027","лн╗яи╣П","лн╗яи╝","к╝▓╣┴о│","І{ЇУїД","І{ЇУјs","љ╝њrњг",0,0,0,0,0,0
45201,"880  ","8800818","лн╗яи╣П","лн╗яи╝","к╝и╬П¤┴","І{ЇУїД","І{ЇУјs","ІЛќ{њг",0,0,0,0,0,0
45201,"880  ","8800811","лн╗яи╣П","лн╗яи╝","к╝и¤┴","І{ЇУїД","І{ЇУјs","ІЛњг",0,0,0,0,0,0
45201,"880  ","8800016","лн╗яи╣П","лн╗яи╝","к╝└Х¤┬┴о│","І{ЇУїД","І{ЇУјs","љ╝ЇѓЈ╝њг",0,0,0,0,0,0
45201,"880  ","8800036","лн╗яи╣П","лн╗яи╝","╩┼Хя╝¤┴о│","І{ЇУїД","І{ЇУјs","ЅнЃPЊЄњг",0,0,0,0,0,0
45201,"880  ","8800026","лн╗яи╣П","лн╗яи╝","╩┼─я╔┴о│","І{ЇУїД","І{ЇУјs","ЅнЊaњг",0,0,0,0,0,0
45201,"880  ","8800939","лн╗яи╣П","лн╗яи╝","╩┼н¤├к╝","І{ЇУїД","І{ЇУјs","ЅнјRјУљ╝",0,0,1,0,0,0
45201,"880  ","8800930","лн╗яи╣П","лн╗яи╝","╩┼н¤├╦Хя╝","І{ЇУїД","І{ЇУјs","ЅнјRјУЊї",0,0,1,0,0,0
45201,"880  ","8800007","лн╗яи╣П","лн╗яи╝","╩О¤┴","І{ЇУїД","І{ЇУјs","ї┤њг",0,0,0,0,0,0
45201,"880  ","8800832","лн╗яи╣П","лн╗яи╝","╦┤╩я┘┴о│","І{ЇУїД","І{ЇУјs","ЋBї┤њг",0,0,0,0,0,0
45201,"880  ","8800825","лн╗яи╣П","лн╗яи╝","╦Хя╝ххлн","І{ЇУїД","І{ЇУјs","ЊїЉтІ{",0,0,1,0,0,0
45201,"880  ","8800901","лн╗яи╣П","лн╗яи╝","╦Хя╝ххо─я","І{ЇУїД","І{ЇУјs","ЊїЉтЌё",0,0,1,0,0,0
45201,"880  ","8800856","лн╗яи╣П","лн╗яи╝","╦╔├я┴о│","І{ЇУїД","І{ЇУјs","ЊЩЃmЈoњг",0,0,0,0,0,0
45201,"880  ","8800806","лн╗яи╣П","лн╗яи╝","╦█╝¤","І{ЇУїД","І{ЇУјs","ЇLЊЄ",0,0,1,0,0,0
45201,"88001","8800125","лн╗яи╣П","лн╗яи╝","╦█╩О","І{ЇУїД","І{ЇУјs","ЇLї┤",0,0,0,0,0,0
45201,"880  ","8800946","лн╗яи╣П","лн╗яи╝","╠И╝¤┴о│(┴о│м)","І{ЇУїД","І{ЇУјs","ЋЪЊЄњгЂiњџќ┌Ђj",1,0,1,0,0,0
45201,"880  ","8800945","лн╗яи╣П","лн╗яи╝","╠И╝¤┴о│(╩яП┴)","І{ЇУїД","І{ЇУјs","ЋЪЊЄњгЂiћнњnЂj",1,0,0,0,0,0
45201,"880  ","8800031","лн╗яи╣П","лн╗яи╝","╠┼┬Х","І{ЇУїД","І{ЇУјs","ЉDњ╦",0,0,1,0,0,0
45201,"880  ","8800931","лн╗яи╣П","лн╗яи╝","╠┘╝яо│┴о│","І{ЇУїД","І{ЇУјs","ї├Јжњг",0,0,0,0,0,0
45201,"880  ","8800046","лн╗яи╣П","лн╗яи╝","═▓▄ХяхХи└¤┴","І{ЇУїД","І{ЇУјs","ЋйўaѓфІuќkњг",0,0,0,0,0,0
45201,"880  ","8800047","лн╗яи╣П","лн╗яи╝","═▓▄ХяхХк╝¤┴","І{ЇУїД","І{ЇУјs","ЋйўaѓфІuљ╝њг",0,0,0,0,0,0
45201,"880  ","8800042","лн╗яи╣П","лн╗яи╝","═▓▄ХяхХ╦Хя╝¤┴","І{ЇУїД","І{ЇУјs","ЋйўaѓфІuЊїњг",0,0,0,0,0,0
45201,"880  ","8800802","лн╗яи╣П","лн╗яи╝","═я┬╠▀┴о│","І{ЇУїД","І{ЇУјs","Ћ╩Ћ{њг",0,0,0,0,0,0
45201,"88001","8800123","лн╗яи╣П","лн╗яи╝","╬│╝я","І{ЇУїД","І{ЇУјs","ќFјm",0,0,0,0,0,0
45201,"88917","8891716","лн╗яи╣П","лн╗яи╝","╬┐┤(═▓▄)","І{ЇУїД","І{ЇУјs","ЇОЇ]ЂiЋйўaЂj",1,0,0,0,0,0
45201,"88021","8802116","лн╗яи╣П","лн╗яи╝","╬┐┤(┐╔└)","І{ЇУїД","І{ЇУјs","ЇОЇ]Ђiѓ╗ѓ╠Љ╝Ђj",1,0,0,0,0,0
45201,"880  ","8800873","лн╗яи╣П","лн╗яи╝","╬пХ▄┴о│","І{ЇУїД","І{ЇУјs","ќxљВњг",0,0,0,0,0,0
45201,"880  ","8800922","лн╗яи╣П","лн╗яи╝","╬П║я│","І{ЇУїД","І{ЇУјs","ќ{Ій",0,0,1,0,0,0
45201,"880  ","8800925","лн╗яи╣П","лн╗яи╝","╬П║я│и└Х└","І{ЇУїД","І{ЇУјs","ќ{ІйќkЋч",0,0,0,0,0,0
45201,"880  ","8800921","лн╗яи╣П","лн╗яи╝","╬П║я│л┼лХ└","І{ЇУїД","І{ЇУјs","ќ{ІйЊВЋч",0,0,0,0,0,0
45201,"880  ","8800863","лн╗яи╣П","лн╗яи╝","¤┤╩я┘┴о│","І{ЇУїД","І{ЇУјs","ЉOї┤њг",0,0,0,0,0,0
45201,"880  ","8800013","лн╗яи╣П","лн╗яи╝","¤┬╩я╝","І{ЇУїД","І{ЇУјs","Ј╝І┤",0,0,1,0,0,0
45201,"880  ","8800865","лн╗яи╣П","лн╗яи╝","¤┬н¤","І{ЇУїД","І{ЇУјs","Ј╝јR",0,0,1,0,0,0
45201,"880  ","8800929","лн╗яи╣П","лн╗яи╝","¤┼╦я╔","І{ЇУїД","І{ЇУјs","ѓ▄ѓ╚ѓЛќВ",0,0,1,0,0,0
45201,"880  ","8800813","лн╗яи╣П","лн╗яи╝","¤┘╝¤┴о│","І{ЇУїД","І{ЇУјs","і█ЊЄњг",0,0,0,0,0,0
45201,"880  ","8800052","лн╗яи╣П","лн╗яи╝","¤┘н¤","І{ЇУїД","І{ЇУјs","і█јR",0,0,1,0,0,0
45201,"880  ","8800858","лн╗яи╣П","лн╗яи╝","л┼─","І{ЇУїД","І{ЇУјs","Ї`",0,0,1,0,0,0
45201,"880  ","8800851","лн╗яи╣П","лн╗яи╝","л┼─╦Хя╝","І{ЇУїД","І{ЇУјs","Ї`Њї",0,0,1,0,0,0
45201,"880  ","8800037","лн╗яи╣П","лн╗яи╝","л┼лХ└┴о│","І{ЇУїД","І{ЇУјs","ЊВЋчњг",0,0,0,0,0,0
45201,"880  ","8800005","лн╗яи╣П","лн╗яи╝","л┼л└Х¤┬┴о│","І{ЇУїД","І{ЇУјs","ЊВЇѓЈ╝њг",0,0,0,0,0,0
45201,"880  ","8800055","лн╗яи╣П","лн╗яи╝","л┼л╩┼Хя╝¤┴о│","І{ЇУїД","І{ЇУјs","ЊВЅнЃPЊЄњг",0,0,0,0,0,0
45201,"880  ","8800906","лн╗яи╣П","лн╗яи╝","л┼л¤┴","І{ЇУїД","І{ЇУјs","ЊВњг",0,0,1,0,0,0
45201,"880  ","8800879","лн╗яи╣П","лн╗яи╝","лн╗яи┤и╦Хя╝","І{ЇУїД","І{ЇУјs","І{ЇУЅwЊї",0,0,1,0,0,0
45201,"880  ","8800804","лн╗яи╣П","лн╗яи╝","лн└┴о│","І{ЇУїД","І{ЇУјs","І{Њcњг",0,0,0,0,0,0
45201,"880  ","8800914","лн╗яи╣П","лн╗яи╝","лн╔М─¤┴","І{ЇУїД","І{ЇУјs","І{ѓ╠ї│њг",0,0,0,0,0,0
45201,"880  ","8800877","лн╗яи╣П","лн╗яи╝","лн▄и┴о│","І{ЇУїД","І{ЇУјs","І{ўeњг",0,0,0,0,0,0
45201,"880  ","8800837","лн╗яи╣П","лн╗яи╝","ЛОйл┴о│","І{ЇУїД","І{ЇУјs","Љ║іpњг",0,0,0,0,0,0
45201,"880  ","8800004","лн╗яи╣П","лн╗яи╝","М─лн┴о│","І{ЇУїД","І{ЇУјs","ї│І{њг",0,0,0,0,0,0
45201,"880  ","8800844","лн╗яи╣П","лн╗яи╝","н┼ия¤┘┴о│","І{ЇУїД","І{ЇУјs","ќШі█њг",0,0,0,0,0,0
45201,"880  ","8800034","лн╗яи╣П","лн╗яи╝","н╔╗и┴о│","І{ЇУїД","І{ЇУјs","ќЬѓ╠љТњг",0,0,0,0,0,0
45201,"880  ","8800836","лн╗яи╣П","лн╗яи╝","н¤╗и┴о│","І{ЇУїД","І{ЇУјs","јRЇУњг",0,0,0,0,0,0
45201,"880  ","8800878","лн╗яи╣П","лн╗яи╝","н¤─┴о│","І{ЇУїД","І{ЇУјs","Љтўaњг",0,0,0,0,0,0
45201,"88022","8802233","лн╗яи╣П","лн╗яи╝","о╝╔","І{ЇУїД","І{ЇУјs","ІgќВ",0,0,0,0,0,0
45201,"880  ","8800841","лн╗яи╣П","лн╗яи╝","о╝ЛО┴о│","І{ЇУїД","І{ЇУјs","ІgЉ║њг",0,0,0,0,0,0
45201,"880  ","8800907","лн╗яи╣П","лн╗яи╝","о─яХя▄","І{ЇУїД","І{ЇУјs","ЌёљВ",0,0,1,0,0,0
45201,"880  ","8800023","лн╗яи╣П","лн╗яи╝","▄┴Хя▄О","І{ЇУїД","І{ЇУјs","ўaњmљВї┤",0,0,1,0,0,0
45202,"885  ","8850000","лн╗яи╣П","лн║╔╝яо│╝","▓Хк╣▓╗▓Хя┼▓╩я▒▓","І{ЇУїД","ЊsЈжјs","ѕ╚Ѕ║ѓ╔їfЇ┌ѓфѓ╚ѓбЈЖЇЄ",0,0,0,0,0,0
45202,"885  ","8850034","лн╗яи╣П","лн║╔╝яо│╝","▒нм╩я┘┴о│","І{ЇУїД","ЊsЈжјs","ЈміЌї┤њг",0,0,0,0,0,0
45202,"885  ","8850041","лн╗яи╣П","лн║╔╝яо│╝","▓┴¤П╝яо│┴о│","І{ЇУїД","ЊsЈжјs","ѕЖќюЈжњг",0,0,0,0,0,0
45202,"885  ","8850064","лн╗яи╣П","лн║╔╝яо│╝","▓¤¤┴","І{ЇУїД","ЊsЈжјs","ЇАњг",0,0,0,0,0,0
45202,"88511","8851101","лн╗яи╣П","лн║╔╝яо│╝","▓▄л┬┴о│","І{ЇУїД","ЊsЈжјs","іРќъњг",0,0,0,0,0,0
45202,"885  ","8850019","лн╗яи╣П","лн║╔╝яо│╝","▓▄о╝","І{ЇУїД","ЊsЈжјs","ЈjІg",0,0,1,0,0,0
45202,"885  ","8850014","лн╗яи╣П","лн║╔╝яо│╝","▓▄о╝┴о│","І{ЇУїД","ЊsЈжјs","ЈjІgњг",0,0,0,0,0,0
45202,"885  ","8850063","лн╗яи╣П","лн║╔╝яо│╝","│ми└┴о│","І{ЇУїД","ЊsЈжјs","ћ~ќkњг",0,0,0,0,0,0
45202,"885  ","8850062","лн╗яи╣П","лн║╔╝яо│╝","хх▓▄└я┴о│","І{ЇУїД","ЊsЈжјs","ЉтіРЊcњг",0,0,0,0,0,0
45202,"88501","8850112","лн╗яи╣П","лн║╔╝яо│╝","х─╬я│┴о│","І{ЇУїД","ЊsЈжјs","Ѕ│ќ[њг",0,0,0,0,0,0
45202,"885  ","8850074","лн╗яи╣П","лн║╔╝яо│╝","Х▓М─┴о│","І{ЇУїД","ЊsЈжјs","Їbћсї│њг",0,0,0,0,0,0
45202,"88501","8850111","лн╗яи╣П","лн║╔╝яо│╝","Х╝╔┴о│","І{ЇУїД","ЊsЈжјs","Ѕ┘јqќВњг",0,0,0,0,0,0
45202,"885  ","8850001","лн╗яи╣П","лн║╔╝яо│╝","Х┼└я┴о│","І{ЇУїД","ЊsЈжјs","ІЯЊcњг",0,0,0,0,0,0
45202,"885  ","8850012","лн╗яи╣П","лн║╔╝яо│╝","ХлХ▄╦Хя╝","І{ЇУїД","ЊsЈжјs","ЈсљВЊї",0,0,1,0,0,0
45202,"88511","8851103","лн╗яи╣П","лн║╔╝яо│╝","Хлйя┘┴о│","І{ЇУїД","ЊsЈжјs","ЈсљЁЌгњг",0,0,0,0,0,0
45202,"885  ","8850042","лн╗яи╣П","лн║╔╝яо│╝","Хл┼Хя┤┴о│","І{ЇУїД","ЊsЈжјs","ЈсњићЛњг",0,0,0,0,0,0
45202,"885  ","8850053","лн╗яи╣П","лн║╔╝яо│╝","Хл╦Хя╝┴о│","І{ЇУїД","ЊsЈжјs","ЈсЊїњг",0,0,0,0,0,0
45202,"885  ","8850072","лн╗яи╣П","лн║╔╝яо│╝","ХП¤┴","І{ЇУїД","ЊsЈжјs","Јсњг",0,0,0,0,0,0
45202,"885  ","8850024","лн╗яи╣П","лн║╔╝яо│╝","и└╩О┴о│","І{ЇУїД","ЊsЈжјs","ќkї┤њг",0,0,0,0,0,0
45202,"885  ","8850086","лн╗яи╣П","лн║╔╝яо│╝","И╬я╩я┘┴о│","І{ЇУїД","ЊsЈжјs","ІvЋ█ї┤њг",0,0,0,0,0,0
45202,"885  ","8850051","лн╗яи╣П","лн║╔╝яо│╝","ИО╩О┴о│","І{ЇУїД","ЊsЈжјs","Љаї┤њг",0,0,0,0,0,0
45202,"885  ","8850018","лн╗яи╣П","лн║╔╝яо│╝","║хпМ─","І{ЇУїД","ЊsЈжјs","їSї│",0,0,1,0,0,0
45202,"885  ","8850013","лн╗яи╣П","лн║╔╝яо│╝","║хпМ─┴о│","І{ЇУїД","ЊsЈжјs","їSї│њг",0,0,0,0,0,0
45202,"885  ","8850084","лн╗яи╣П","лн║╔╝яо│╝","║я╝я┬┴о│","І{ЇУїД","ЊsЈжјs","ї▄Ј\њг",0,0,0,0,0,0
45202,"885  ","8850022","лн╗яи╣П","лн║╔╝яо│╝","║¤┬╩яО┴о│","І{ЇУїД","ЊsЈжјs","ЈгЈ╝ї┤њг",0,0,0,0,0,0
45202,"885  ","8850023","лн╗яи╣П","лн║╔╝яо│╝","╗Х┤¤┴","І{ЇУїД","ЊsЈжјs","Ѕhњг",0,0,0,0,0,0
45202,"885  ","8850093","лн╗яи╣П","лн║╔╝яо│╝","╝╦я└┴о│","І{ЇУїД","ЊsЈжјs","јuћСЊcњг",0,0,0,0,0,0
45202,"885  ","8850011","лн╗яи╣П","лн║╔╝яо│╝","╝МХ▄╦Хя╝","І{ЇУїД","ЊsЈжјs","Ѕ║љВЊї",0,0,1,0,0,0
45202,"88511","8851102","лн╗яи╣П","лн║╔╝яо│╝","╝Мйя┘┴о│","І{ЇУїД","ЊsЈжјs","Ѕ║љЁЌгњг",0,0,0,0,0,0
45202,"885  ","8850061","лн╗яи╣П","лн║╔╝яо│╝","╝М┼Хя┤┴о│","І{ЇУїД","ЊsЈжјs","Ѕ║њићЛњг",0,0,0,0,0,0
45202,"88501","8850114","лн╗яи╣П","лн║╔╝яо│╝","╝о│┼▓┴о│","І{ЇУїД","ЊsЈжјs","Ј»ЊЯњг",0,0,0,0,0,0
45202,"885  ","8850005","лн╗яи╣П","лн║╔╝яо│╝","╝яП╔н¤┴о│","І{ЇУїД","ЊsЈжјs","љ_ћVјRњг",0,0,0,0,0,0
45202,"88501","8850113","лн╗яи╣П","лн║╔╝яо│╝","Йи╔х┴о│","І{ЇУїД","ЊsЈжјs","іоћVћШњг",0,0,0,0,0,0
45202,"885  ","8850015","лн╗яи╣П","лн║╔╝яо│╝","ЙП┴о│","І{ЇУїД","ЊsЈжјs","љуњг",0,0,0,0,0,0
45202,"885  ","8850026","лн╗яи╣П","лн║╔╝яо│╝","└я▓х│┴о│","І{ЇУїД","ЊsЈжјs","ЉтЅцњг",0,0,0,0,0,0
45202,"885  ","8850081","лн╗яи╣П","лн║╔╝яо│╝","└Хх","І{ЇУїД","ЊsЈжјs","ЉжћШ",0,0,1,0,0,0
45202,"885  ","8850003","лн╗яи╣П","лн║╔╝яо│╝","└Хия┴о│","І{ЇУїД","ЊsЈжјs","Їѓќпњг",0,0,0,0,0,0
45202,"88945","8894502","лн╗яи╣П","лн║╔╝яо│╝","└Х╗яи┴о│┤╦О","І{ЇУїД","ЊsЈжјs","ЇѓЇУњгЇ]Ћй",0,0,0,0,0,0
45202,"88945","8894505","лн╗яи╣П","лн║╔╝яо│╝","└Х╗яи┴о│ххЛ└","І{ЇУїД","ЊsЈжјs","ЇѓЇУњгЉтќ┤Њc",0,0,0,0,0,0
45202,"88945","8894504","лн╗яи╣П","лн║╔╝яо│╝","└Х╗яи┴о│┬¤ияп╝¤","І{ЇУїД","ЊsЈжјs","ЇѓЇУњгЊїќХЊЄ",0,0,0,0,0,0
45202,"88945","8894503","лн╗яи╣П","лн║╔╝яо│╝","└Х╗яи┴о│┼▄Йя","І{ЇУїД","ЊsЈжјs","ЇѓЇУњгЊЖљБ",0,0,0,0,0,0
45202,"88945","8894501","лн╗яи╣П","лн║╔╝яо│╝","└Х╗яи┴о│╠┤лйя","І{ЇУїД","ЊsЈжјs","ЇѓЇУњгЊJљЁ",0,0,0,0,0,0
45202,"88945","8894506","лн╗яи╣П","лн║╔╝яо│╝","└Х╗яи┴о│¤┤└я","І{ЇУїД","ЊsЈжјs","ЇѓЇУњгЉOЊc",0,0,0,0,0,0
45202,"88513","8851311","лн╗яи╣П","лн║╔╝яо│╝","└Х╝яо│┴о│▒плйя","І{ЇУїД","ЊsЈжјs","ЇѓЈжњгЌLљЁ",0,0,0,0,0,0
45202,"88512","8851205","лн╗яи╣П","лн║╔╝яо│╝","└Х╝яо│┴о│▓╝н¤","І{ЇУїД","ЊsЈжјs","ЇѓЈжњгљ╬јR",0,0,0,0,0,0
45202,"88512","8851203","лн╗яи╣П","лн║╔╝яо│╝","└Х╝яо│┴о│хх▓├я","І{ЇУїД","ЊsЈжјs","ЇѓЈжњгЉтѕСјУ",0,0,0,0,0,0
45202,"88512","8851204","лн╗яи╣П","лн║╔╝яо│╝","└Х╝яо│┴о│╗ИОия","І{ЇУїД","ЊsЈжјs","ЇѓЈжњгЇэќп",0,0,0,0,0,0
45202,"88513","8851312","лн╗яи╣П","лн║╔╝яо│╝","└Х╝яо│┴о│╝Х","І{ЇУїД","ЊsЈжјs","ЇѓЈжњгјlЅк",0,0,0,0,0,0
45202,"88512","8851201","лн╗яи╣П","лн║╔╝яо│╝","└Х╝яо│┴о│└Х╝яо│","І{ЇУїД","ЊsЈжјs","ЇѓЈжњгЇѓЈж",0,0,0,0,0,0
45202,"88512","8851202","лн╗яи╣П","лн║╔╝яо│╝","└Х╝яо│┴о│╬¤П╬я│","І{ЇУїД","ЊsЈжјs","ЇѓЈжњгЋСќъќV",0,0,0,0,0,0
45202,"88502","8850221","лн╗яи╣П","лн║╔╝яо│╝","└Х╔┴о│","І{ЇУїД","ЊsЈжјs","ЇѓќВњг",0,0,0,0,0,0
45202,"885  ","8850035","лн╗яи╣П","лн║╔╝яо│╝","└├╔┴о│","І{ЇУїД","ЊsЈжјs","ЌДќВњг",0,0,0,0,0,0
45202,"885  ","8850002","лн╗яи╣П","лн║╔╝яо│╝","└█╬я│┴о│","І{ЇУїД","ЊsЈжјs","ЉЙўYќVњг",0,0,0,0,0,0
45202,"885  ","8850033","лн╗яи╣П","лн║╔╝яо│╝","┬¤ХяхХ┴о│","І{ЇУїД","ЊsЈжјs","Ї╚ЃPІuњг",0,0,0,0,0,0
45202,"885  ","8850031","лн╗яи╣П","лн║╔╝яо│╝","├П╝яП┴о│","І{ЇУїД","ЊsЈжјs","ЊVљ_њг",0,0,0,0,0,0
45202,"885  ","8850017","лн╗яи╣П","лн║╔╝яо│╝","─╝л┴о│","І{ЇУїД","ЊsЈжјs","ћNїЕњг",0,0,0,0,0,0
45202,"885  ","8850004","лн╗яи╣П","лн║╔╝яо│╝","─╬И┴о│","І{ЇУїД","ЊsЈжјs","Њsќkњг",0,0,0,0,0,0
45202,"885  ","8850043","лн╗яи╣П","лн║╔╝яо│╝","─ол┬┴о│","І{ЇУїД","ЊsЈжјs","ќLќъњг",0,0,0,0,0,0
45202,"885  ","8850032","лн╗яи╣П","лн║╔╝яо│╝","┼Х╩О┴о│","І{ЇУїД","ЊsЈжјs","њєї┤њг",0,0,0,0,0,0
45202,"885  ","8850071","лн╗яи╣П","лн║╔╝яо│╝","┼Х¤┴","І{ЇУїД","ЊsЈжјs","њєњг",0,0,0,0,0,0
45202,"88502","8850225","лн╗яи╣П","лн║╔╝яо│╝","┼┬х┴о│","І{ЇУїД","ЊsЈжјs","Ѕ─ћШњг",0,0,0,0,0,0
45202,"885  ","8850076","лн╗яи╣П","лн║╔╝яо│╝","к╝¤┴","І{ЇУїД","ЊsЈжјs","љ╝њг",0,0,0,0,0,0
45202,"88511","8851104","лн╗яи╣П","лн║╔╝яо│╝","╔╔л└к┴о│","І{ЇУїД","ЊsЈжјs","ќВЂXћЧњJњг",0,0,0,0,0,0
45202,"885  ","8850075","лн╗яи╣П","лн║╔╝яо│╝","╩┴¤П┴о│","І{ЇУїД","ЊsЈжјs","ћфћдњг",0,0,0,0,0,0
45202,"885  ","8850037","лн╗яи╣П","лн║╔╝яо│╝","╩┼Ияп┴о│","І{ЇУїД","ЊsЈжјs","ЅнїJњг",0,0,0,0,0,0
45202,"885  ","8850055","лн╗яи╣П","лн║╔╝яо│╝","╩нййя┴о│","І{ЇУїД","ЊsЈжјs","ЉЂЌжњг",0,0,0,0,0,0
45202,"885  ","8850016","лн╗яи╣П","лн║╔╝яо│╝","╩нлйя┴о│","І{ЇУїД","ЊsЈжјs","ЉЂљЁњг",0,0,0,0,0,0
45202,"885  ","8850052","лн╗яи╣П","лн║╔╝яо│╝","╦Хя╝¤┴","І{ЇУїД","ЊsЈжјs","Њїњг",0,0,0,0,0,0
45202,"885  ","8850073","лн╗яи╣П","лн║╔╝яо│╝","╦мия┴о│","І{ЇУїД","ЊsЈжјs","ЋPЈжњг",0,0,0,0,0,0
45202,"885  ","8850021","лн╗яи╣П","лн║╔╝яо│╝","╦О┤┴о│","І{ЇУїД","ЊsЈжјs","ЋйЇ]њг",0,0,0,0,0,0
45202,"885  ","8850085","лн╗яи╣П","лн║╔╝яо│╝","╦О┬Х┴о│","І{ЇУїД","ЊsЈжјs","Ћйњ╦њг",0,0,0,0,0,0
45202,"885  ","8850036","лн╗яи╣П","лн║╔╝яо│╝","╦█╩О┴о│","І{ЇУїД","ЊsЈжјs","ЇLї┤њг",0,0,0,0,0,0
45202,"885  ","8850025","лн╗яи╣П","лн║╔╝яо│╝","¤┤└я┴о│","І{ЇУїД","ЊsЈжјs","ЉOЊcњг",0,0,0,0,0,0
45202,"885  ","8850077","лн╗яи╣П","лн║╔╝яо│╝","¤┬М─┴о│","І{ЇУїД","ЊsЈжјs","Ј╝ї│њг",0,0,0,0,0,0
45202,"88511","8851105","лн╗яи╣П","лн║╔╝яо│╝","¤┘└к┴о│","І{ЇУїД","ЊsЈжјs","і█њJњг",0,0,0,0,0,0
45202,"88502","8850224","лн╗яи╣П","лн║╔╝яо│╝","л▓╣┴о│","І{ЇУїД","ЊsЈжјs","їСњrњг",0,0,0,0,0,0
45202,"88502","8850222","лн╗яи╣П","лн║╔╝яо│╝","лХ▄┴о│","І{ЇУїД","ЊsЈжјs","ћЧљВњг",0,0,0,0,0,0
45202,"885  ","8850082","лн╗яи╣П","лн║╔╝яо│╝","л┼л└Хх┴о│","І{ЇУїД","ЊsЈжјs","ЊВЉжћШњг",0,0,0,0,0,0
45202,"885  ","8850092","лн╗яи╣П","лн║╔╝яо│╝","л┼ло║▓┴┴о│","І{ЇУїД","ЊsЈжјs","ЊВЅАјsњг",0,0,0,0,0,0
45202,"885  ","8850095","лн╗яи╣П","лн║╔╝яо│╝","л╔╩я┘┴о│","І{ЇУїД","ЊsЈжјs","ќфї┤њг",0,0,0,0,0,0
45202,"885  ","8850083","лн╗яи╣П","лн║╔╝яо│╝","лн║╝я¤┴о│","І{ЇУїД","ЊsЈжјs","ЊsЊЄњг",0,0,0,0,0,0
45202,"885  ","8850094","лн╗яи╣П","лн║╔╝яо│╝","лн║╩я┘┴о│","І{ЇУїД","ЊsЈжјs","Њsї┤њг",0,0,0,0,0,0
45202,"885  ","8850078","лн╗яи╣П","лн║╔╝яо│╝","лн¤┘┴о│","І{ЇУїД","ЊsЈжјs","І{і█њг",0,0,0,0,0,0
45202,"885  ","8850079","лн╗яи╣П","лн║╔╝яо│╝","Л└┴о│","І{ЇУїД","ЊsЈжјs","ќ┤Њcњг",0,0,0,0,0,0
45202,"885  ","8850044","лн╗яи╣П","лн║╔╝яо│╝","нй╦╗┴о│","І{ЇУїД","ЊsЈжјs","ѕ└Іvњг",0,0,0,0,0,0
45202,"88946","8894602","лн╗яи╣П","лн║╔╝яо│╝","н¤└я┴о│┼Хияп╝¤","І{ЇУїД","ЊsЈжјs","јRЊcњгњєќХЊЄ",0,0,0,0,0,0
45202,"88946","8894601","лн╗яи╣П","лн║╔╝яо│╝","н¤└я┴о│н¤└я","І{ЇУїД","ЊsЈжјs","јRЊcњгјRЊc",0,0,0,0,0,0
45202,"88918","8891801","лн╗яи╣П","лн║╔╝яо│╝","н¤╔И┴┴о│─ло╝","І{ЇУїД","ЊsЈжјs","јRћVїчњгЋxІg",0,0,0,0,0,0
45202,"88918","8891802","лн╗яи╣П","лн║╔╝яо│╝","н¤╔И┴┴о│╩┼╔и","І{ЇУїД","ЊsЈжјs","јRћVїчњгЅнќп",0,0,0,0,0,0
45202,"88023","8802303","лн╗яи╣П","лн║╔╝яо│╝","н¤╔И┴┴о│н¤╔И┴(Хл╦О╔ц┼Х└)","І{ЇУїД","ЊsЈжјs","јRћVїчњгјRћVїчЂiЈсЋйќВЂAњЄЊcЂj",1,0,0,0,0,0
45202,"88918","8891803","лн╗яи╣П","лн║╔╝яо│╝","н¤╔И┴┴о│н¤╔И┴(┐╔└)","І{ЇУїД","ЊsЈжјs","јRћVїчњгјRћVїчЂiѓ╗ѓ╠Љ╝Ђj",1,0,0,0,0,0
45202,"885  ","8850091","лн╗яи╣П","лн║╔╝яо│╝","о║▓┴┴о│","І{ЇУїД","ЊsЈжјs","ЅАјsњг",0,0,0,0,0,0
45202,"885  ","8850006","лн╗яи╣П","лн║╔╝яо│╝","о╝х┴о│","І{ЇУїД","ЊsЈжјs","ІgћШњг",0,0,0,0,0,0
45202,"88502","8850223","лн╗яи╣П","лн║╔╝яо│╝","о╝╔М─┴о│","І{ЇУїД","ЊsЈжјs","ІgћVї│њг",0,0,0,0,0,0
45202,"885  ","8850054","лн╗яи╣П","лн║╔╝яо│╝","▄Х╩я┴о│","І{ЇУїД","ЊsЈжјs","јрЌtњг",0,0,0,0,0,0
45203,"882  ","8820000","лн╗яи╣П","╔═яхХ╝","▓Хк╣▓╗▓Хя┼▓╩я▒▓","І{ЇУїД","ЅёЅфјs","ѕ╚Ѕ║ѓ╔їfЇ┌ѓфѓ╚ѓбЈЖЇЄ",0,0,0,0,0,0
45203,"88905","8890517","лн╗яи╣П","╔═яхХ╝","▒Хлйя¤┴","І{ЇУїД","ЅёЅфјs","љнљЁњг",0,0,0,0,0,0
45203,"882  ","8820845","лн╗яи╣П","╔═яхХ╝","▒Хя└¤┴","І{ЇУїД","ЅёЅфјs","ѕ└ЅЖЉйњг",0,0,1,0,0,0
45203,"88905","8890507","лн╗яи╣П","╔═яхХ╝","▒╗╦ХяхХ","І{ЇУїД","ЅёЅфјs","ѕ«ЃPІu",0,0,1,0,0,0
45203,"882  ","8820847","лн╗яи╣П","╔═яхХ╝","▒╗╦¤┴","І{ЇУїД","ЅёЅфјs","ѕ«њг",0,0,1,0,0,0
45203,"882  ","8820872","лн╗яи╣П","╔═яхХ╝","▒└║я¤┴","І{ЇУїД","ЅёЅфјs","ѕцЊєњг",0,0,1,0,0,0
45203,"882  ","8820871","лн╗яи╣П","╔═яхХ╝","▒└║ян¤","І{ЇУїД","ЅёЅфјs","ѕцЊєјR",0,0,0,0,0,0
45203,"882  ","8820071","лн╗яи╣П","╔═яхХ╝","▒Мп¤┴","І{ЇУїД","ЅёЅфјs","ЊVЅ║њг",0,0,0,0,0,0
45203,"882  ","8820025","лн╗яи╣П","╔═яхХ╝","▒▄╔ло│¤┴","І{ЇУїД","ЅёЅфјs","ѕЙќВќ╝њг",0,0,0,0,0,0
45203,"88905","8890503","лн╗яи╣П","╔═яхХ╝","▓Хя└я¤┴","І{ЇУїД","ЅёЅфјs","ѕ╔ї`њг",0,0,0,0,0,0
45203,"88905","8890501","лн╗яи╣П","╔═яхХ╝","▓╝└я¤┴","І{ЇУїД","ЅёЅфјs","љ╬Њcњг",0,0,0,0,0,0
45203,"882  ","8820831","лн╗яи╣П","╔═яхХ╝","▓├яИя┴¤┴","І{ЇУїД","ЅёЅфјs","Јoїчњг",0,0,0,0,0,0
45203,"882  ","8820856","лн╗яи╣П","╔═яхХ╝","▓├яи└","І{ЇУїД","ЅёЅфјs","Јoќk",0,0,1,0,0,0
45203,"882  ","8820003","лн╗яи╣П","╔═яхХ╝","▓┼╩я╗яи¤┴","І{ЇУїД","ЅёЅфјs","ѕЬЌtЇУњг",0,0,1,0,0,0
45203,"882  ","8820095","лн╗яи╣П","╔═яхХ╝","│О╝█¤┴","І{ЇУїД","ЅёЅфјs","ЅYЈжњг",0,0,0,0,0,0
45203,"882  ","8820084","лн╗яи╣П","╔═яхХ╝","│▄└я¤┴","І{ЇУїД","ЅёЅфјs","ЅFўaЊcњг",0,0,0,0,0,0
45203,"882  ","8820046","лн╗яи╣П","╔═яхХ╝","┤╦яй¤┴","І{ЇУїД","ЅёЅфјs","їbћСљ{њг",0,0,0,0,0,0
45203,"882  ","8820013","лн╗яи╣П","╔═яхХ╝","х▓│┴¤┴","І{ЇУїД","ЅёЅфјs","њКЊЯњг",0,0,0,0,0,0
45203,"882  ","8820001","лн╗яи╣П","╔═яхХ╝","ххХ▓¤┴","І{ЇУїД","ЅёЅфјs","ЉтІгњг",0,0,0,0,0,0
45203,"882  ","8820027","лн╗яи╣П","╔═яхХ╝","ххХ─я¤┴","І{ЇУїД","ЅёЅфјs","Љтќтњг",0,0,0,0,0,0
45203,"882  ","8820841","лн╗яи╣П","╔═яхХ╝","ххЙ¤┴","І{ЇУїД","ЅёЅфјs","ЉтљБњг",0,0,1,0,0,0
45203,"882  ","8820024","лн╗яи╣П","╔═яхХ╝","хх└я╣¤┴","І{ЇУїД","ЅёЅфјs","ЉтЋљњг",0,0,0,0,0,0
45203,"882  ","8820803","лн╗яи╣П","╔═яхХ╝","ххКи¤┴","І{ЇУїД","ЅёЅфјs","ЉтіЛњг",0,0,1,0,0,0
45203,"882  ","8820086","лн╗яи╣П","╔═яхХ╝","хх╔¤┴","І{ЇУїД","ЅёЅфјs","ЉтќВњг",0,0,0,0,0,0
45203,"882  ","8820056","лн╗яи╣П","╔═яхХ╝","хХ─л¤┴","І{ЇУїД","ЅёЅфјs","ЅфЋxњг",0,0,0,0,0,0
45203,"882  ","8820057","лн╗яи╣П","╔═яхХ╝","хХ─лн¤","І{ЇУїД","ЅёЅфјs","ЅфЋxјR",0,0,0,0,0,0
45203,"882  ","8820075","лн╗яи╣П","╔═яхХ╝","хХМ─¤┴","І{ЇУїД","ЅёЅфјs","Ѕфї│њг",0,0,0,0,0,0
45203,"882  ","8820876","лн╗яи╣П","╔═яхХ╝","хи└¤┴","І{ЇУїД","ЅёЅфјs","ЅФЊcњг",0,0,0,0,0,0
45203,"882  ","8820006","лн╗яи╣П","╔═яхХ╝","х╗яи¤┴","І{ЇУїД","ЅёЅфјs","ћШЇУњг",0,0,0,0,0,0
45203,"882  ","8820855","лн╗яи╣П","╔═яхХ╝","х█╝╬П¤┴","І{ЇУїД","ЅёЅфјs","Ѕхќ{њг",0,0,0,0,0,0
45203,"882  ","8820073","лн╗яи╣П","╔═яхХ╝","Х▓╔╩└¤┴","І{ЇУїД","ЅёЅфјs","іLѓ╠ћењг",0,0,0,0,0,0
45203,"882  ","8820085","лн╗яи╣П","╔═яхХ╝","ХХяЙ¤┴","І{ЇУїД","ЅёЅфјs","јГјвљБњг",0,0,0,0,0,0
45203,"882  ","8820004","лн╗яи╣П","╔═яхХ╝","Х╝н¤¤┴","І{ЇУїД","ЅёЅфјs","і~јRњг",0,0,1,0,0,0
45203,"882  ","8820012","лн╗яи╣П","╔═яхХ╝","Х╝о│╝я","І{ЇУїД","ЅёЅфјs","јГЈгўH",0,0,0,0,0,0
45203,"882  ","8820844","лн╗яи╣П","╔═яхХ╝","ХйХя¤┴","І{ЇУїД","ЅёЅфјs","ЈtЊЩњг",0,0,1,0,0,0
45203,"882  ","8820877","лн╗яи╣П","╔═яхХ╝","Х└└¤┴","І{ЇУїД","ЅёЅфјs","ЋлЊcњг",0,0,0,0,0,0
45203,"882  ","8820867","лн╗яи╣П","╔═яхХ╝","Х¤┤Ия┴¤┴","І{ЇУїД","ЅёЅфјs","Ї\їчњг",0,0,1,0,0,0
45203,"88905","8890502","лн╗яи╣П","╔═яхХ╝","Хл▓Хя└я¤┴","І{ЇУїД","ЅёЅфјs","Јсѕ╔ї`њг",0,0,0,0,0,0
45203,"882  ","8820833","лн╗яи╣П","╔═яхХ╝","ХлххЙ¤┴","І{ЇУїД","ЅёЅфјs","ЈсЉтљБњг",0,0,0,0,0,0
45203,"882  ","8820885","лн╗яи╣П","╔═яхХ╝","Хлл▄¤┴","І{ЇУїД","ЅёЅфјs","ЈсјOЌоњг",0,0,0,0,0,0
45203,"882  ","8820017","лн╗яи╣П","╔═яхХ╝","Х▄╝¤¤┴","І{ЇУїД","ЅёЅфјs","љВЊЄњг",0,0,0,0,0,0
45203,"882  ","8820033","лн╗яи╣П","╔═яхХ╝","Х▄О╗и¤┴","І{ЇУїД","ЅёЅфјs","љВї┤ЇУњг",0,0,0,0,0,0
45203,"882  ","8820043","лн╗яи╣П","╔═яхХ╝","ияхП¤┴","І{ЇУїД","ЅёЅфјs","РLЅђњг",0,0,1,0,0,0
45203,"88903","8890302","лн╗яи╣П","╔═яхХ╝","и└│О¤┴▓┴╠яп","І{ЇУїД","ЅёЅфјs","ќkЅYњгјsљU",0,0,0,0,0,0
45203,"88903","8890301","лн╗яи╣П","╔═яхХ╝","и└│О¤┴╠┘┤","І{ЇУїД","ЅёЅфјs","ќkЅYњгї├Ї]",0,0,0,0,0,0
45203,"88903","8890304","лн╗яи╣П","╔═яхХ╝","и└│О¤┴лХ▄│┴","І{ЇУїД","ЅёЅфјs","ќkЅYњгјOљВЊЯ",0,0,0,0,0,0
45203,"88903","8890303","лн╗яи╣П","╔═яхХ╝","и└│О¤┴лн╔│О","І{ЇУїД","ЅёЅфјs","ќkЅYњгІ{ќВЅY",0,0,0,0,0,0
45203,"88201","8820121","лн╗яи╣П","╔═яхХ╝","и└Х└¤┴▓└Хл","І{ЇУїД","ЅёЅфјs","ќkЋчњгћ┬Јс",0,0,0,0,0,0
45203,"88201","8820122","лн╗яи╣П","╔═яхХ╝","и└Х└¤┴▓└╝М","І{ЇУїД","ЅёЅфјs","ќkЋчњгћ┬Ѕ║",0,0,0,0,0,0
45203,"88201","8820123","лн╗яи╣П","╔═яхХ╝","и└Х└¤┴│┐║я┤","І{ЇУїД","ЅёЅфјs","ќkЋчњгѓцѓ╗Ѕz",0,0,0,0,0,0
45203,"88201","8820106","лн╗яи╣П","╔═яхХ╝","и└Х└¤┴Х╗╝└","І{ЇУїД","ЅёЅфјs","ќkЋчњгі}Ѕ║",0,0,0,0,0,0
45203,"88201","8820126","лн╗яи╣П","╔═яхХ╝","и└Х└¤┴Хл╗яи","І{ЇУїД","ЅёЅфјs","ќkЋчњгЈсЇУ",0,0,0,0,0,0
45203,"88201","8820231","лн╗яи╣П","╔═яхХ╝","и└Х└¤┴Хл╝╝Хя▄","І{ЇУїД","ЅёЅфјs","ќkЋчњгЈсјГљВ",0,0,0,0,0,0
45203,"88201","8820125","лн╗яи╣П","╔═яхХ╝","и└Х└¤┴Х▄йя┘","І{ЇУїД","ЅёЅфјs","ќkЋчњгљВљЁЌг",0,0,0,0,0,0
45203,"88201","8820129","лн╗яи╣П","╔═яхХ╝","и└Х└¤┴и└И╬ян¤","І{ЇУїД","ЅёЅфјs","ќkЋчњгќkІvЋ█јR",0,0,0,0,0,0
45203,"88201","8820127","лн╗яи╣П","╔═яхХ╝","и└Х└¤┴ИО└","І{ЇУїД","ЅёЅфјs","ќkЋчњгЉаЊc",0,0,0,0,0,0
45203,"88201","8820241","лн╗яи╣П","╔═яхХ╝","и└Х└¤┴╗ПХяЛО","І{ЇУїД","ЅёЅфјs","ќkЋчњгјOЃPЉ║",0,0,0,0,0,0
45203,"88201","8820237","лн╗яи╣П","╔═яхХ╝","и└Х└¤┴╝▓╩я└","І{ЇУїД","ЅёЅфјs","ќkЋчњгњ┼ће",0,0,0,0,0,0
45203,"88201","8820232","лн╗яи╣П","╔═яхХ╝","и└Х└¤┴╝М╝╝Хя▄","І{ЇУїД","ЅёЅфјs","ќkЋчњгЅ║јГљВ",0,0,0,0,0,0
45203,"88201","8820233","лн╗яи╣П","╔═яхХ╝","и└Х└¤┴й╣я╩я┘","І{ЇУїД","ЅёЅфјs","ќkЋчњгљЏї┤",0,0,0,0,0,0
45203,"88201","8820124","лн╗яи╣П","╔═яхХ╝","и└Х└¤┴┐и","І{ЇУїД","ЅёЅфјs","ќkЋчњгЉ]ќп",0,0,0,0,0,0
45203,"88201","8820238","лн╗яи╣П","╔═яхХ╝","и└Х└¤┴└и╝└","І{ЇУїД","ЅёЅфјs","ќkЋчњгЉЖЅ║",0,0,0,0,0,0
45203,"88201","8820104","лн╗яи╣П","╔═яхХ╝","и└Х└¤┴┬╔└я","І{ЇУїД","ЅёЅфјs","ќkЋчњгіpЊc",0,0,0,0,0,0
45203,"88201","8820245","лн╗яи╣П","╔═яхХ╝","и└Х└¤┴╩нХл","І{ЇУїД","ЅёЅфјs","ќkЋчњгЉЂЈс",0,0,0,0,0,0
45203,"88201","8820244","лн╗яи╣П","╔═яхХ╝","и└Х└¤┴╩н┼Х","І{ЇУїД","ЅёЅфјs","ќkЋчњгЉЂњє",0,0,0,0,0,0
45203,"88201","8820243","лн╗яи╣П","╔═яхХ╝","и└Х└¤┴╩н╦─","І{ЇУїД","ЅёЅфјs","ќkЋчњгЉЂЊЩЊn",0,0,0,0,0,0
45203,"88201","8820236","лн╗яи╣П","╔═яхХ╝","и└Х└¤┴╦╦яО","І{ЇУїД","ЅёЅфјs","ќkЋчњгЊЩЋй",0,0,0,0,0,0
45203,"88201","8820107","лн╗яи╣П","╔═яхХ╝","и└Х└¤┴╠╝я╔и","І{ЇУїД","ЅёЅфјs","ќkЋчњгЊАѓ╠ќп",0,0,0,0,0,0
45203,"88201","8820101","лн╗яи╣П","╔═яхХ╝","и└Х└¤┴╠└¤└","І{ЇУїД","ЅёЅфјs","ќkЋчњгЊыїм",0,0,0,0,0,0
45203,"88201","8820235","лн╗яи╣П","╔═яхХ╝","и└Х└¤┴¤ил╚","І{ЇУїД","ЅёЅфјs","ќkЋчњгЖаЋЗ",0,0,0,0,0,0
45203,"88201","8820128","лн╗яи╣П","╔═яхХ╝","и└Х└¤┴л┼лИ╬ян¤","І{ЇУїД","ЅёЅфјs","ќkЋчњгЊВІvЋ█јR",0,0,0,0,0,0
45203,"88201","8820234","лн╗яи╣П","╔═яхХ╝","и└Х└¤┴лл┴","І{ЇУїД","ЅёЅфјs","ќkЋчњгћЧЂXњn",0,0,0,0,0,0
45203,"88201","8820242","лн╗яи╣П","╔═яхХ╝","и└Х└¤┴нХ▓","І{ЇУїД","ЅёЅфјs","ќkЋчњгћфІг",0,0,0,0,0,0
45203,"882  ","8820097","лн╗яи╣П","╔═яхХ╝","и└Хя▄¤┴Х▄┴ло│(╬│пХя▄)","І{ЇУїД","ЅёЅфјs","ќkљВњгљВЊЯќ╝ЂiЈjјqљВЂj",1,0,0,0,0,0
45203,"88901","8890101","лн╗яи╣П","╔═яхХ╝","и└Хя▄¤┴Х▄┴ло│(┐╔└)","І{ЇУїД","ЅёЅфјs","ќkљВњгљВЊЯќ╝Ђiѓ╗ѓ╠Љ╝Ђj",1,0,0,0,0,0
45203,"88901","8890102","лн╗яи╣П","╔═яхХ╝","и└Хя▄¤┴┼Хя▓","І{ЇУїД","ЅёЅфјs","ќkљВњгњиѕС",0,0,0,0,0,0
45203,"882  ","8820041","лн╗яи╣П","╔═яхХ╝","и└║│╝я","І{ЇУїД","ЅёЅфјs","ќkЈгўH",0,0,0,0,0,0
45203,"882  ","8820834","лн╗яи╣П","╔═яхХ╝","и└╝П║│╝я","І{ЇУїД","ЅёЅфјs","ќkљVЈгўH",0,0,0,0,0,0
45203,"88905","8890505","лн╗яи╣П","╔═яхХ╝","и└╦─┬ХяхХ","І{ЇУїД","ЅёЅфјs","ќkѕЖЃPЅф",0,0,1,0,0,0
45203,"882  ","8820814","лн╗яи╣П","╔═яхХ╝","и└¤┴","І{ЇУїД","ЅёЅфјs","ќkњг",0,0,1,0,0,0
45203,"882  ","8820873","лн╗яи╣П","╔═яхХ╝","ио│┤▓¤┴","І{ЇУїД","ЅёЅфјs","ІцЅhњг",0,0,0,0,0,0
45203,"88905","8890514","лн╗яи╣П","╔═яхХ╝","И╝┬¤┴","І{ЇУїД","ЅёЅфјs","Іщњ├њг",0,0,0,0,0,0
45203,"88903","8890322","лн╗яи╣П","╔═яхХ╝","И¤╔┤¤┴","І{ЇУїД","ЅёЅфјs","їFќВЇ]њг",0,0,0,0,0,0
45203,"882  ","8820091","лн╗яи╣П","╔═яхХ╝","И▄╦О¤┴","І{ЇУїД","ЅёЅфјs","їKЋйњг",0,0,0,0,0,0
45203,"882  ","8820093","лн╗яи╣П","╔═яхХ╝","║│═я¤┴","І{ЇУїД","ЅёЅфјs","љ_ї╦њг",0,0,0,0,0,0
45203,"882  ","8820076","лн╗яи╣П","╔═яхХ╝","║Хя▄¤┴","І{ЇУїД","ЅёЅфјs","ЈгљВњг",0,0,0,0,0,0
45203,"882  ","8820882","лн╗яи╣П","╔═яхХ╝","║╔¤┴","І{ЇУїД","ЅёЅфјs","ЈгќВњг",0,0,0,0,0,0
45203,"882  ","8820061","лн╗яи╣П","╔═яхХ╝","║л╚¤┴","І{ЇУїД","ЅёЅфјs","ЈгЋЗњг",0,0,0,0,0,0
45203,"882  ","8820047","лн╗яи╣П","╔═яхХ╝","║Пн¤┴","І{ЇУїД","ЅёЅфјs","Ї«Ѕ«њг",0,0,1,0,0,0
45203,"882  ","8820832","лн╗яи╣П","╔═яхХ╝","╗▓║│╝я","І{ЇУїД","ЅёЅфјs","љ╝ЈгўH",0,0,0,0,0,0
45203,"882  ","8820053","лн╗яи╣П","╔═яхХ╝","╗▓▄▓¤┴","І{ЇУїД","ЅёЅфјs","ЇKњг",0,0,1,0,0,0
45203,"882  ","8820054","лн╗яи╣П","╔═яхХ╝","╗Х┤¤┴","І{ЇУїД","ЅёЅфјs","Ѕhњг",0,0,0,0,0,0
45203,"882  ","8820007","лн╗яи╣П","╔═яхХ╝","╗ИОХяхХ","І{ЇУїД","ЅёЅфјs","ЇэЃPІu",0,0,1,0,0,0
45203,"882  ","8820816","лн╗яи╣П","╔═яхХ╝","╗ИО║│╝я","І{ЇУїД","ЅёЅфјs","ЇэЈгўH",0,0,0,0,0,0
45203,"882  ","8820036","лн╗яи╣П","╔═яхХ╝","╗ИО┐я╔¤┴","І{ЇУїД","ЅёЅфјs","ЇэЅђњг",0,0,0,0,0,0
45203,"882  ","8820002","лн╗яи╣П","╔═яхХ╝","╗╝и╔¤┴","І{ЇУїД","ЅёЅфјs","ЇиќпќВњг",0,0,0,0,0,0
45203,"882  ","8820081","лн╗яи╣П","╔═яхХ╝","╗╔¤┴","І{ЇУїД","ЅёЅфјs","Ї▓ќВњг",0,0,0,0,0,0
45203,"882  ","8820864","лн╗яи╣П","╔═яхХ╝","╝х╩¤¤┴","І{ЇУїД","ЅёЅфјs","ЅќЋlњг",0,0,1,0,0,0
45203,"882  ","8820096","лн╗яи╣П","╔═яхХ╝","╝¤│О¤┴","І{ЇУїД","ЅёЅфјs","ЊЄЅYњг",0,0,0,0,0,0
45203,"88905","8890504","лн╗яи╣П","╔═яхХ╝","╝М▓Хя└я¤┴","І{ЇУїД","ЅёЅфјs","Ѕ║ѕ╔ї`њг",0,0,0,0,0,0
45203,"882  ","8820883","лн╗яи╣П","╔═яхХ╝","╝Мл▄¤┴","І{ЇУїД","ЅёЅфјs","Ѕ║јOЌоњг",0,0,0,0,0,0
45203,"882  ","8820034","лн╗яи╣П","╔═яхХ╝","╝о│▄¤┴","І{ЇУїД","ЅёЅфјs","Ј║ўaњг",0,0,1,0,0,0
45203,"882  ","8820014","лн╗яи╣П","╔═яхХ╝","╝█▓╝¤┴","І{ЇУїД","ЅёЅфјs","ћњљ╬њг",0,0,0,0,0,0
45203,"882  ","8820835","лн╗яи╣П","╔═яхХ╝","╝П║│╝я","І{ЇУїД","ЅёЅфјs","љVЈгўH",0,0,1,0,0,0
45203,"88905","8890512","лн╗яи╣П","╔═яхХ╝","╝П╩¤¤┴","І{ЇУїД","ЅёЅфјs","љVЋlњг",0,0,1,0,0,0
45203,"882  ","8820827","лн╗яи╣П","╔═яхХ╝","╝П¤┴","І{ЇУїД","ЅёЅфјs","љVњг",0,0,0,0,0,0
45203,"882  ","8820011","лн╗яи╣П","╔═яхХ╝","й╗¤┴","І{ЇУїД","ЅёЅфјs","љ{Ї▓њг",0,0,0,0,0,0
45203,"882  ","8820825","лн╗яи╣П","╔═яхХ╝","й╗яи¤┴","І{ЇУїД","ЅёЅфјs","љ{ЇУњг",0,0,0,0,0,0
45203,"88903","8890321","лн╗яи╣П","╔═яхХ╝","йл┤¤┴","І{ЇУїД","ЅёЅфјs","љ{ћЧЇ]њг",0,0,0,0,0,0
45203,"882  ","8820045","лн╗яи╣П","╔═яхХ╝","Й╔И┴¤┴","І{ЇУїД","ЅёЅфјs","љБћVїчњг",0,0,1,0,0,0
45203,"882  ","8820857","лн╗яи╣П","╔═яхХ╝","┐│по│¤┴","І{ЇУїД","ЅёЅфјs","ЉyЌ╠њг",0,0,0,0,0,0
45203,"88905","8890516","лн╗яи╣П","╔═яхХ╝","└▓┼¤┴","І{ЇУїД","ЅёЅфјs","ЉРќ╝њг",0,0,0,0,0,0
45203,"882  ","8820042","лн╗яи╣П","╔═яхХ╝","└Х┴╬─яхп","І{ЇУїД","ЅёЅфјs","ЇѓљуЋСњ╩",0,0,0,0,0,0
45203,"882  ","8820064","лн╗яи╣П","╔═яхХ╝","└Х╔¤┴","І{ЇУїД","ЅёЅфјs","ЇѓќВњг",0,0,0,0,0,0
45203,"882  ","8820874","лн╗яи╣П","╔═яхХ╝","└я├¤┴","І{ЇУїД","ЅёЅфјs","ѕ╔њBњг",0,0,1,0,0,0
45203,"882  ","8820824","лн╗яи╣П","╔═яхХ╝","┴Н│х│─яхп","І{ЇУїД","ЅёЅфјs","њєЅЏњ╩",0,0,1,0,0,0
45203,"882  ","8820836","лн╗яи╣П","╔═яхХ╝","┬╚─л¤┴","І{ЇУїД","ЅёЅфјs","ЇPЋxњг",0,0,1,0,0,0
45203,"882  ","8820865","лн╗яи╣П","╔═яхХ╝","┬┘ХяхХ","І{ЇУїД","ЅёЅфјs","њ▀ЃPІu",0,0,1,0,0,0
45203,"882  ","8820811","лн╗яи╣П","╔═яхХ╝","├П╝яП║│╝я","І{ЇУїД","ЅёЅфјs","ЊVљ_ЈгўH",0,0,0,0,0,0
45203,"882  ","8820016","лн╗яи╣П","╔═яхХ╝","─│л¤┴","І{ЇУїД","ЅёЅфјs","ЊїіCњг",0,0,0,0,0,0
45203,"88905","8890513","лн╗яи╣П","╔═яхХ╝","──█¤┴","І{ЇУїД","ЅёЅфјs","ЊyЂXўCњг",0,0,1,0,0,0
45203,"882  ","8820051","лн╗яи╣П","╔═яхХ╝","─лн¤¤┴","І{ЇУїД","ЅёЅфјs","ЋxћЧјRњг",0,0,0,0,0,0
45203,"882  ","8820031","лн╗яи╣П","╔═яхХ╝","┼ХХя▄О¤┴","І{ЇУїД","ЅёЅфјs","њєљВї┤њг",0,0,1,0,0,0
45203,"882  ","8820846","лн╗яи╣П","╔═яхХ╝","┼Х╝¤¤┴","І{ЇУїД","ЅёЅфјs","њєЊЄњг",0,0,1,0,0,0
45203,"882  ","8820032","лн╗яи╣П","╔═яхХ╝","┼Х╔Й┴о│","І{ЇУїД","ЅёЅфјs","њєѓ╠љБњг",0,0,1,0,0,0
45203,"882  ","8820823","лн╗яи╣П","╔═яхХ╝","┼Х¤┴","І{ЇУїД","ЅёЅфјs","њєњг",0,0,1,0,0,0
45203,"882  ","8820884","лн╗яи╣П","╔═яхХ╝","┼Хл▄¤┴","І{ЇУїД","ЅёЅфјs","њєјOЌоњг",0,0,0,0,0,0
45203,"882  ","8820843","лн╗яи╣П","╔═яхХ╝","┼Хя▓╣¤┴","І{ЇУїД","ЅёЅфјs","Ѕiњrњг",0,0,1,0,0,0
45203,"882  ","8820854","лн╗яи╣П","╔═яхХ╝","┼Хя╩¤¤┴","І{ЇУїД","ЅёЅфјs","њиЋlњг",0,0,1,0,0,0
45203,"882  ","8820005","лн╗яи╣П","╔═яхХ╝","┼┬└¤┴","І{ЇУїД","ЅёЅфјs","Ѕ─Њcњг",0,0,0,0,0,0
45203,"882  ","8820804","лн╗яи╣П","╔═яхХ╝","к╝╝┼¤┴","І{ЇУїД","ЅёЅфјs","љ╝іKњг",0,0,1,0,0,0
45203,"882  ","8820802","лн╗яи╣П","╔═яхХ╝","╔╝я¤┴","І{ЇУїД","ЅёЅфјs","ќВњnњг",0,0,1,0,0,0
45203,"882  ","8820805","лн╗яи╣П","╔═яхХ╝","╔└","І{ЇУїД","ЅёЅфјs","ќВЊc",0,0,1,0,0,0
45203,"882  ","8820801","лн╗яи╣П","╔═яхХ╝","╔└¤┴","І{ЇУїД","ЅёЅфјs","ќВЊcњг",0,0,0,0,0,0
45203,"882  ","8820052","лн╗яи╣П","╔═яхХ╝","╩ия¤┴","І{ЇУїД","ЅёЅфјs","ћІњг",0,0,0,0,0,0
45203,"882  ","8820044","лн╗яи╣П","╔═яхХ╝","╩яИ█│¤┴","І{ЇУїД","ЅёЅфјs","ћјўJњг",0,0,0,0,0,0
45203,"882  ","8820851","лн╗яи╣П","╔═яхХ╝","╩¤║я","І{ЇУїД","ЅёЅфјs","ЋlЇ╗",0,0,1,0,0,0
45203,"882  ","8820862","лн╗яи╣П","╔═яхХ╝","╩¤¤┴","І{ЇУїД","ЅёЅфјs","Ћlњг",0,0,0,0,0,0
45203,"882  ","8820852","лн╗яи╣П","╔═яхХ╝","╦Хя╝╩¤║я¤┴","І{ЇУїД","ЅёЅфјs","ЊїЋlЇ╗њг",0,0,0,0,0,0
45203,"882  ","8820813","лн╗яи╣П","╔═яхХ╝","╦Хя╝╬П║│╝я","І{ЇУїД","ЅёЅфјs","Њїќ{ЈгўH",0,0,0,0,0,0
45203,"882  ","8820035","лн╗яи╣П","╔═яхХ╝","╦╔├я¤┴","І{ЇУїД","ЅёЅфјs","ЊЩѓ╠Јoњг",0,0,1,0,0,0
45203,"882  ","8820861","лн╗яи╣П","╔═яхХ╝","╦яН│¤┴","І{ЇУїД","ЅёЅфјs","Ћ╩Ћ{њг",0,0,0,0,0,0
45203,"882  ","8820065","лн╗яи╣П","╔═яхХ╝","╦О└¤┴","І{ЇУїД","ЅёЅфјs","ЋйЊcњг",0,0,0,0,0,0
45203,"882  ","8820866","лн╗яи╣П","╔═яхХ╝","╦О╩я┘¤┴","І{ЇУїД","ЅёЅфјs","Ћйї┤њг",0,0,1,0,0,0
45203,"882  ","8820022","лн╗яи╣П","╔═яхХ╝","╠└┬╝¤¤┴","І{ЇУїД","ЅёЅфјs","ЊыЃcЊЄњг",0,0,0,0,0,0
45203,"882  ","8820826","лн╗яи╣П","╔═яхХ╝","╠┼ИяО¤┴","І{ЇУїД","ЅёЅфјs","ЉDЉqњг",0,0,1,0,0,0
45203,"882  ","8820063","лн╗яи╣П","╔═яхХ╝","╠┘Х▄¤┴","І{ЇУїД","ЅёЅфјs","ї├љВњг",0,0,0,0,0,0
45203,"882  ","8820837","лн╗яи╣П","╔═яхХ╝","╠┘╝█¤┴","І{ЇУїД","ЅёЅфјs","ї├Јжњг",0,0,1,0,0,0
45203,"882  ","8820853","лн╗яи╣П","╔═яхХ╝","╬│╗я▓¤┴","І{ЇУїД","ЅёЅфјs","ЋчЇЯњг",0,0,0,0,0,0
45203,"882  ","8820082","лн╗яи╣П","╔═яхХ╝","╬│п¤┴","І{ЇУїД","ЅёЅфјs","Јjјqњг",0,0,0,0,0,0
45203,"882  ","8820074","лн╗яи╣П","╔═яхХ╝","╬┐л¤┴","І{ЇУїД","ЅёЅфјs","ЇОїЕњг",0,0,0,0,0,0
45203,"882  ","8820812","лн╗яи╣П","╔═яхХ╝","╬П║│╝я","І{ЇУїД","ЅёЅфјs","ќ{ЈгўH",0,0,0,0,0,0
45203,"882  ","8820821","лн╗яи╣П","╔═яхХ╝","╬П¤┴","І{ЇУїД","ЅёЅфјs","ќ{њг",0,0,1,0,0,0
45203,"882  ","8820066","лн╗яи╣П","╔═яхХ╝","¤▓╔¤┴","І{ЇУїД","ЅёЅфјs","ЋЉќВњг",0,0,0,0,0,0
45203,"882  ","8820023","лн╗яи╣П","╔═яхХ╝","¤и¤┴","І{ЇУїД","ЅёЅфјs","ќqњг",0,0,0,0,0,0
45203,"88905","8890511","лн╗яи╣П","╔═яхХ╝","¤┬╩яО¤┴","І{ЇУїД","ЅёЅфјs","Ј╝ї┤њг",0,0,1,0,0,0
45203,"882  ","8820062","лн╗яи╣П","╔═яхХ╝","¤┬н¤¤┴","І{ЇУїД","ЅёЅфјs","Ј╝јRњг",0,0,0,0,0,0
45203,"882  ","8820881","лн╗яи╣П","╔═яхХ╝","лй¤┴","І{ЇУїД","ЅёЅфјs","јOљ{њг",0,0,0,0,0,0
45203,"882  ","8820015","лн╗яи╣П","╔═яхХ╝","лйя╝п¤┴","І{ЇУїД","ЅёЅфјs","љЁљKњг",0,0,0,0,0,0
45203,"882  ","8820842","лн╗яи╣П","╔═яхХ╝","л┬Йя¤┴","І{ЇУїД","ЅёЅфјs","јOЃcљБњг",0,0,1,0,0,0
45203,"882  ","8820863","лн╗яи╣П","╔═яхХ╝","л─япХяхХ","І{ЇУїД","ЅёЅфјs","Ќ╬ЃPІu",0,0,1,0,0,0
45203,"88905","8890506","лн╗яи╣П","╔═яхХ╝","л┼л╦─┬ХяхХ","І{ЇУїД","ЅёЅфјs","ЊВѕЖЃPЅф",0,0,1,0,0,0
45203,"882  ","8820822","лн╗яи╣П","╔═яхХ╝","л┼л¤┴","І{ЇУїД","ЅёЅфјs","ЊВњг",0,0,1,0,0,0
45203,"882  ","8820092","лн╗яи╣П","╔═яхХ╝","лн┼Хя¤┴","І{ЇУїД","ЅёЅфјs","І{њињг",0,0,0,0,0,0
45203,"88905","8890515","лн╗яи╣П","╔═яхХ╝","ло│╣П¤┴","І{ЇУїД","ЅёЅфјs","ќГїЕњг",0,0,0,0,0,0
45203,"882  ","8820087","лн╗яи╣П","╔═яхХ╝","ло│¤┴","І{ЇУїД","ЅёЅфјs","ќГњг",0,0,0,0,0,0
45203,"882  ","8820077","лн╗яи╣П","╔═яхХ╝","ЛХ╩яи¤┴","І{ЇУїД","ЅёЅфјs","Їsсwњг",0,0,0,0,0,0
45203,"882  ","8820021","лн╗яи╣П","╔═яхХ╝","Л╝Х¤┴","І{ЇУїД","ЅёЅфјs","ќ│јГњг",0,0,1,0,0,0
45203,"882  ","8820094","лн╗яи╣П","╔═яхХ╝","нй▓¤┴","І{ЇУїД","ЅёЅфјs","ѕ└ѕСњг",0,0,0,0,0,0
45203,"882  ","8820815","лн╗яи╣П","╔═яхХ╝","н┼╗я▄¤┴","І{ЇУїД","ЅёЅфјs","ќШЉЫњг",0,0,1,0,0,0
45203,"882  ","8820055","лн╗яи╣П","╔═яхХ╝","н¤╝└¤┴","І{ЇУїД","ЅёЅфјs","јRЅ║њг",0,0,1,0,0,0
45203,"882  ","8820037","лн╗яи╣П","╔═яхХ╝","н¤┬и¤┴","І{ЇУїД","ЅёЅфјs","јRїјњг",0,0,1,0,0,0
45203,"882  ","8820083","лн╗яи╣П","╔═яхХ╝","Н│ия¤┴","І{ЇУїД","ЅёЅфјs","ЌMќпњг",0,0,0,0,0,0
45203,"882  ","8820026","лн╗яи╣П","╔═яхХ╝","Н╔и└я¤┴","І{ЇУїД","ЅёЅфјs","ЌMѓ╠ќпЊcњг",0,0,0,0,0,0
45203,"882  ","8820072","лн╗яи╣П","╔═яхХ╝","о╝╔¤┴","І{ЇУїД","ЅёЅфјs","ІgќВњг",0,0,0,0,0,0
45203,"882  ","8820875","лн╗яи╣П","╔═яхХ╝","▄Х╩я¤┴","І{ЇУїД","ЅёЅфјs","јрЌtњг",0,0,1,0,0,0
45204,"887  ","8870000","лн╗яи╣П","к┴┼П╝","▓Хк╣▓╗▓Хя┼▓╩я▒▓","І{ЇУїД","ЊЩЊВјs","ѕ╚Ѕ║ѓ╔їfЇ┌ѓфѓ╚ѓбЈЖЇЄ",0,0,0,0,0,0
45204,"887  ","8870041","лн╗яи╣П","к┴┼П╝","▒Хя└╦Хя╝(1-4┴о│м)","І{ЇУїД","ЊЩЊВјs","їрЊcЊїЂiѓPЂ`ѓSњџќ┌Ђj",1,0,1,0,0,0
45204,"88925","8892541","лн╗яи╣П","к┴┼П╝","▒Хя└╦Хя╝(5-11┴о│м)","І{ЇУїД","ЊЩЊВјs","їрЊcЊїЂiѓTЂ`ѓPѓPњџќ┌Ђj",1,0,1,0,0,0
45204,"88925","8892536","лн╗яи╣П","к┴┼П╝","▒Хя└к╝","І{ЇУїД","ЊЩЊВјs","їрЊcљ╝",1,0,1,0,0,0
45204,"887  ","8870001","лн╗яи╣П","к┴┼П╝","▒╠яО┬","І{ЇУїД","ЊЩЊВјs","ќчњ├",0,0,1,0,0,0
45204,"88925","8892532","лн╗яи╣П","к┴┼П╝","▓└╝яи","І{ЇУїД","ЊЩЊВјs","ћ┬Ћ~",0,0,0,0,0,0
45204,"88701","8870111","лн╗яи╣П","к┴┼П╝","▓╦я▓","І{ЇУїД","ЊЩЊВјs","ѕ╔ћСѕС",0,0,0,0,0,0
45204,"88925","8892525","лн╗яи╣П","к┴┼П╝","▓¤¤┴","І{ЇУїД","ЊЩЊВјs","ЇАњг",0,0,1,0,0,0
45204,"887  ","8870014","лн╗яи╣П","к┴┼П╝","▓▄╗и","І{ЇУїД","ЊЩЊВјs","іРЇУ",0,0,1,0,0,0
45204,"887  ","8870017","лн╗яи╣П","к┴┼П╝","│мХя╩¤","І{ЇУїД","ЊЩЊВјs","ћ~ЃPЋl",0,0,1,0,0,0
45204,"88931","8893156","лн╗яи╣П","к┴┼П╝","ххИ╬я","І{ЇУїД","ЊЩЊВјs","ЉтїE",0,0,0,0,0,0
45204,"88931","8893141","лн╗яи╣П","к┴┼П╝","хх─я│┬","І{ЇУїД","ЊЩЊВјs","ЉтЊ░њ├",0,0,1,0,0,0
45204,"887  ","8870007","лн╗яи╣П","к┴┼П╝","х─╦м┴о│","І{ЇУїД","ЊЩЊВјs","Ѕ│ЋPњг",0,0,0,0,0,0
45204,"88925","8892535","лн╗яи╣П","к┴┼П╝","х╦я","І{ЇУїД","ЊЩЊВјs","жKћВ",0,0,1,0,0,0
45204,"887  ","8870006","лн╗яи╣П","к┴┼П╝","ХйХя┴о│","І{ЇУїД","ЊЩЊВјs","ЈtЊЩњг",0,0,0,0,0,0
45204,"887  ","8870034","лн╗яи╣П","к┴┼П╝","ХЙя└я","І{ЇУїД","ЊЩЊВјs","ЋЌЊc",0,0,0,0,0,0
45204,"88931","8893151","лн╗яи╣П","к┴┼П╝","ХлХ└","І{ЇУїД","ЊЩЊВјs","ЈсЋч",0,0,0,0,0,0
45204,"887  ","8870022","лн╗яи╣П","к┴┼П╝","Хл╦О╔┴о│","І{ЇУїД","ЊЩЊВјs","ЈсЋйќВњг",0,0,1,0,0,0
45204,"88924","8892401","лн╗яи╣П","к┴┼П╝","и└║я│┴о│хх╠╝я","І{ЇУїД","ЊЩЊВјs","ќkІйњгЉтЊА",0,0,0,0,0,0
45204,"88924","8892403","лн╗яи╣П","к┴┼П╝","и└║я│┴о│и└Хя▄┴","І{ЇУїД","ЊЩЊВјs","ќkІйњгќkЅ═ЊЯ",0,0,0,0,0,0
45204,"88924","8892402","лн╗яи╣П","к┴┼П╝","и└║я│┴о│║я│╔╩О","І{ЇУїД","ЊЩЊВјs","ќkІйњгІйћVї┤",0,0,0,0,0,0
45204,"887  ","8870013","лн╗яи╣П","к┴┼П╝","ин¤","І{ЇУїД","ЊЩЊВјs","ќпјR",0,0,1,0,0,0
45204,"88925","8892514","лн╗яи╣П","к┴┼П╝","Ий╩я┘","І{ЇУїД","ЊЩЊВјs","Њьї┤",0,0,0,0,0,0
45204,"887  ","8870023","лн╗яи╣П","к┴┼П╝","И¤н","І{ЇУїД","ЊЩЊВјs","їGњJ",0,0,0,0,0,0
45204,"88931","8893152","лн╗яи╣П","к┴┼П╝","╣о╝└я","І{ЇУїД","ЊЩЊВјs","ќЛІgЊc",0,0,0,0,0,0
45204,"887  ","8870005","лн╗яи╣П","к┴┼П╝","╗я▓МИ┴о│","І{ЇУїД","ЊЩЊВјs","Їяќпњг",0,0,0,0,0,0
45204,"88925","8892512","лн╗яи╣П","к┴┼П╝","╗Х└к║│","І{ЇУїД","ЊЩЊВјs","ј­њJЇb",0,0,0,0,0,0
45204,"88925","8892511","лн╗яи╣П","к┴┼П╝","╗Х└кх┬","І{ЇУїД","ЊЩЊВјs","ј­њJЅ│",0,0,0,0,0,0
45204,"88931","8893142","лн╗яи╣П","к┴┼П╝","╝х┬я┘","І{ЇУїД","ЊЩЊВјs","Ѕќњ▀",0,1,0,0,0,0
45204,"88931","8893143","лн╗яи╣П","к┴┼П╝","╝МХ└","І{ЇУїД","ЊЩЊВјs","Ѕ║Ћч",0,0,0,0,0,0
45204,"887  ","8870011","лн╗яи╣П","к┴┼П╝","ЙХя▓","І{ЇУїД","ЊЩЊВјs","љБіL",0,0,1,0,0,0
45204,"887  ","8870003","лн╗яи╣П","к┴┼П╝","Йк╝","І{ЇУїД","ЊЩЊВјs","љБљ╝",0,0,1,0,0,0
45204,"887  ","8870012","лн╗яи╣П","к┴┼П╝","┐╔└я","І{ЇУїД","ЊЩЊВјs","ЅђЊc",0,0,1,0,0,0
45204,"887  ","8870021","лн╗яи╣П","к┴┼П╝","┴Н│х│─яхп","І{ЇУїД","ЊЩЊВјs","њєЅЏњ╩",0,0,1,0,0,0
45204,"88931","8893154","лн╗яи╣П","к┴┼П╝","┬Х└я║│","І{ЇУїД","ЊЩЊВјs","њ╦ЊcЇb",0,0,0,0,0,0
45204,"88931","8893155","лн╗яи╣П","к┴┼П╝","┬Х└ях┬","І{ЇУїД","ЊЩЊВјs","њ╦ЊcЅ│",0,0,0,0,0,0
45204,"887  ","8870004","лн╗яи╣П","к┴┼П╝","├П╠▀И","І{ЇУїД","ЊЩЊВјs","ЊVЋЪ",0,0,1,0,0,0
45204,"88925","8892534","лн╗яи╣П","к┴┼П╝","─и─│┴о│","І{ЇУїД","ЊЩЊВјs","јъћCњг",0,0,0,0,0,0
45204,"887  ","8870031","лн╗яи╣П","к┴┼П╝","─└яХ","І{ЇУїД","ЊЩЊВјs","ї╦Їѓ",0,0,1,0,0,0
45204,"88925","8892524","лн╗яи╣П","к┴┼П╝","─╔─║█","І{ЇУїД","ЊЩЊВјs","ЊaЈі",0,0,0,0,0,0
45204,"887  ","8870016","лн╗яи╣П","к┴┼П╝","┼Х╦О╔","І{ЇУїД","ЊЩЊВјs","њєЋйќВ",0,0,1,0,0,0
45204,"88932","8893213","лн╗яи╣П","к┴┼П╝","┼П║я│┴о│Х└Хял","І{ЇУїД","ЊЩЊВјs","ЊВІйњгіЃЈс",0,0,0,0,0,0
45204,"88932","8893203","лн╗яи╣П","к┴┼П╝","┼П║я│┴о│└к╔И┴","І{ЇУїД","ЊЩЊВјs","ЊВІйњгњJћVїч",0,0,0,0,0,0
45204,"88932","8893201","лн╗яи╣П","к┴┼П╝","┼П║я│┴о│┬н╔","І{ЇУїД","ЊЩЊВјs","ЊВІйњгњ├Ѕ«ќВ",0,0,0,0,0,0
45204,"88932","8893202","лн╗яи╣П","к┴┼П╝","┼П║я│┴о│┼ХЛО║│","І{ЇУїД","ЊЩЊВјs","ЊВІйњгњєЉ║Їb",0,0,0,0,0,0
45204,"88932","8893204","лн╗яи╣П","к┴┼П╝","┼П║я│┴о│┼ХЛОх┬","І{ЇУїД","ЊЩЊВјs","ЊВІйњгњєЉ║Ѕ│",0,0,0,0,0,0
45204,"88932","8893211","лн╗яи╣П","к┴┼П╝","┼П║я│┴о│к┤┼л","І{ЇУїД","ЊЩЊВјs","ЊВІйњгТЛћg",0,0,0,0,0,0
45204,"88932","8893205","лн╗яи╣П","к┴┼П╝","┼П║я│┴о│к╝¤┴","І{ЇУїД","ЊЩЊВјs","ЊВІйњгљ╝њг",0,0,0,0,0,0
45204,"88932","8893207","лн╗яи╣П","к┴┼П╝","┼П║я│┴о│╦Хя╝¤┴","І{ЇУїД","ЊЩЊВјs","ЊВІйњгЊїњг",0,0,0,0,0,0
45204,"88932","8893206","лн╗яи╣П","к┴┼П╝","┼П║я│┴о│л┼л¤┴","І{ЇУїД","ЊЩЊВјs","ЊВІйњгЊВњг",0,0,0,0,0,0
45204,"88932","8893214","лн╗яи╣П","к┴┼П╝","┼П║я│┴о│о▄О","І{ЇУїД","ЊЩЊВјs","ЊВІйњгЅ|ї┤",0,0,0,0,0,0
45204,"88932","8893215","лн╗яи╣П","к┴┼П╝","┼П║я│┴о│о▄О║│","І{ЇУїД","ЊЩЊВјs","ЊВІйњгЅ|ї┤Їb",0,0,0,0,0,0
45204,"88932","8893216","лн╗яи╣П","к┴┼П╝","┼П║я│┴о│о▄Ох┬","І{ЇУїД","ЊЩЊВјs","ЊВІйњгЅ|ї┤Ѕ│",0,0,0,0,0,0
45204,"88932","8893217","лн╗яи╣П","к┴┼П╝","┼П║я│┴о│о▄О═▓","І{ЇУїД","ЊЩЊВјs","ЊВІйњгЅ|ї┤ЋИ",0,0,0,0,0,0
45204,"88932","8893212","лн╗яи╣П","к┴┼П╝","┼П║я│┴о│▄иМ─","І{ЇУїД","ЊЩЊВјs","ЊВІйњгўeќ{",0,0,0,0,0,0
45204,"887  ","8870024","лн╗яи╣П","к┴┼П╝","к╝═яП╠яП","І{ЇУїД","ЊЩЊВјs","љ╝Ћ┘Ћф",0,0,1,0,0,0
45204,"887  ","8870002","лн╗яи╣П","к┴┼П╝","к╝¤┴","І{ЇУїД","ЊЩЊВјs","љ╝њг",0,0,1,0,0,0
45204,"88931","8893153","лн╗яи╣П","к┴┼П╝","╩ия╔л╚","І{ЇУїД","ЊЩЊВјs","ћІћVЌС",0,0,0,0,0,0
45204,"88925","8892521","лн╗яи╣П","к┴┼П╝","╦Хя╝═яП╠яПх┬","І{ЇУїД","ЊЩЊВјs","ЊїЋ┘ЋфЅ│",0,0,0,0,0,0
45204,"88925","8892522","лн╗яи╣П","к┴┼П╝","╦Хя╝═яП╠яП║│","І{ЇУїД","ЊЩЊВјs","ЊїЋ┘ЋфЇb",0,0,0,0,0,0
45204,"887  ","8870015","лн╗яи╣П","к┴┼П╝","╦О╔","І{ЇУїД","ЊЩЊВјs","ЋйќВ",0,0,0,0,0,0
45204,"887  ","8870033","лн╗яи╣П","к┴┼П╝","╦Он¤","І{ЇУїД","ЊЩЊВјs","ЋйјR",0,0,0,0,0,0
45204,"88701","8870102","лн╗яи╣П","к┴┼П╝","╠─","І{ЇУїД","ЊЩЊВјs","ЋxЊy",0,0,0,0,0,0
45204,"88925","8892533","лн╗яи╣П","к┴┼П╝","╬╝ИО","І{ЇУїД","ЊЩЊВјs","љ»Љq",0,0,1,0,0,0
45204,"88925","8892531","лн╗яи╣П","к┴┼П╝","╬П¤┴","І{ЇУїД","ЊЩЊВјs","ќ{њг",0,0,0,0,0,0
45204,"887  ","8870032","лн╗яи╣П","к┴┼П╝","¤йнй","І{ЇУїД","ЊЩЊВјs","Ѕvѕ└",0,0,0,0,0,0
45204,"88925","8892523","лн╗яи╣П","к┴┼П╝","¤┬┼Хя","І{ЇУїД","ЊЩЊВјs","Ј╝Ѕi",0,0,0,0,0,0
45204,"88701","8870101","лн╗яи╣П","к┴┼П╝","лн│О","І{ЇУїД","ЊЩЊВјs","І{ЅY",0,0,0,0,0,0
45204,"88925","8892513","лн╗яи╣П","к┴┼П╝","о╝╔Х└","І{ЇУїД","ЊЩЊВјs","ІgќВЋч",0,0,0,0,0,0
45205,"886  ","8860000","лн╗яи╣П","║╩ян╝╝","▓Хк╣▓╗▓Хя┼▓╩я▒▓","І{ЇУїД","ЈгЌЛјs","ѕ╚Ѕ║ѓ╔їfЇ┌ѓфѓ╚ѓбЈЖЇЄ",0,0,0,0,0,0
45205,"886  ","8860009","лн╗яи╣П","║╩ян╝╝","┤ил┼л","І{ЇУїД","ЈгЌЛјs","ЅwЊВ",0,0,0,0,0,0
45205,"886  ","8860006","лн╗яи╣П","║╩ян╝╝","и└к╝Х└","І{ЇУїД","ЈгЌЛјs","ќkљ╝Ћч",0,0,0,0,0,0
45205,"88601","8860115","лн╗яи╣П","║╩ян╝╝","йи│┴н¤","І{ЇУїД","ЈгЌЛјs","љ{ќпЊЯјR",0,0,0,0,0,0
45205,"88601","8860112","лн╗яи╣П","║╩ян╝╝","йи╝М└я","І{ЇУїД","ЈгЌЛјs","љ{ќпЅ║Њc",0,0,0,0,0,0
45205,"88601","8860113","лн╗яи╣П","║╩ян╝╝","йи─п└я¤┴","І{ЇУїД","ЈгЌЛјs","љ{ќпњ╣Њcњг",0,0,0,0,0,0
45205,"88601","8860111","лн╗яи╣П","║╩ян╝╝","йи┼Х╩О","І{ЇУїД","ЈгЌЛјs","љ{ќпњєї┤",0,0,0,0,0,0
45205,"88601","8860114","лн╗яи╣П","║╩ян╝╝","йи┼╗и","І{ЇУїД","ЈгЌЛјs","љ{ќпЊяЇ▓ќп",0,0,0,0,0,0
45205,"886  ","8860003","лн╗яи╣П","║╩ян╝╝","┬┬л","І{ЇУїД","ЈгЌЛјs","њу",0,0,0,0,0,0
45205,"886  ","8860002","лн╗яи╣П","║╩ян╝╝","┬┘╗я║","І{ЇУїД","ЈгЌЛјs","љЁЌгћЌ",0,0,0,0,0,0
45205,"88602","8860211","лн╗яи╣П","║╩ян╝╝","╔╝яп┴о│Хлн","І{ЇУїД","ЈгЌЛјs","ќВљKњгјєЅ«",0,0,0,0,0,0
45205,"88602","8860212","лн╗яи╣П","║╩ян╝╝","╔╝яп┴о│╦Хя╝╠М─","І{ЇУїД","ЈгЌЛјs","ќВљKњгЊїў[",0,0,0,0,0,0
45205,"88602","8860213","лн╗яи╣П","║╩ян╝╝","╔╝яп┴о│лХ╔н¤","І{ЇУїД","ЈгЌЛјs","ќВљKњгјOЃPќВјR",0,0,0,0,0,0
45205,"88601","8860101","лн╗яи╣П","║╩ян╝╝","╦Хя╝Х└(5741ц5871╩яП┴)","І{ЇУїД","ЈгЌЛјs","ЊїЋчЂiѓTѓVѓSѓPЂAѓTѓWѓVѓPћнњnЂj",1,0,0,0,0,0
45205,"886  ","8860001","лн╗яи╣П","║╩ян╝╝","╦Хя╝Х└(┐╔└)","І{ЇУїД","ЈгЌЛјs","ЊїЋчЂiѓ╗ѓ╠Љ╝Ђj",1,0,0,0,0,0
45205,"886  ","8860004","лн╗яи╣П","║╩ян╝╝","╬┐╔","І{ЇУїД","ЈгЌЛјs","ЇОќВ",0,0,0,0,0,0
45205,"886  ","8860008","лн╗яи╣П","║╩ян╝╝","╬П¤┴","І{ЇУїД","ЈгЌЛјs","ќ{њг",0,0,0,0,0,0
45205,"886  ","8860007","лн╗яи╣П","║╩ян╝╝","¤Хя└","І{ЇУїД","ЈгЌЛјs","љ^Ћч",0,0,0,0,0,0
45205,"886  ","8860005","лн╗яи╣П","║╩ян╝╝","л┼лк╝Х└","І{ЇУїД","ЈгЌЛјs","ЊВљ╝Ћч",0,0,0,0,0,0
45206,"883  ","8830000","лн╗яи╣П","╦Н│Хя╝","▓Хк╣▓╗▓Хя┼▓╩я▒▓","І{ЇУїД","ЊЩїЧјs","ѕ╚Ѕ║ѓ╔їfЇ┌ѓфѓ╚ѓбЈЖЇЄ",0,0,0,0,0,0
45206,"883  ","8830003","лн╗яи╣П","╦Н│Хя╝","▓ЙХя╩¤","І{ЇУїД","ЊЩїЧјs","ѕ╔љеЃPЋl",0,0,0,0,0,0
45206,"883  ","8830044","лн╗яи╣П","╦Н│Хя╝","│┤¤┴","І{ЇУїД","ЊЩїЧјs","Јсњг",0,0,0,0,0,0
45206,"883  ","8830012","лн╗яи╣П","╦Н│Хя╝","┤О┴о│","І{ЇУїД","ЊЩїЧјs","Ї]ЌКњг",0,0,1,0,0,0
45206,"883  ","8830053","лн╗яи╣П","╦Н│Хя╝","Х╝яи┴о│","І{ЇУїД","ЊЩїЧјs","іЂќпњг",0,0,1,0,0,0
45206,"883  ","8830066","лн╗яи╣П","╦Н│Хя╝","Хм╗яи","І{ЇУїД","ЊЩїЧјs","ІTЇУ",0,0,1,0,0,0
45206,"883  ","8830068","лн╗яи╣П","╦Н│Хя╝","Хм╗яик╝","І{ЇУїД","ЊЩїЧјs","ІTЇУљ╝",0,0,1,0,0,0
45206,"883  ","8830067","лн╗яи╣П","╦Н│Хя╝","Хм╗яи╦Хя╝","І{ЇУїД","ЊЩїЧјs","ІTЇУЊї",0,0,1,0,0,0
45206,"883  ","8830041","лн╗яи╣П","╦Н│Хя╝","и└¤┴","І{ЇУїД","ЊЩїЧјs","ќkњг",0,0,1,0,0,0
45206,"883  ","8830038","лн╗яи╣П","╦Н│Хя╝","╣я▓о│┤П","І{ЇУїД","ЊЩїЧјs","ї}ЌmЅђ",0,0,1,0,0,0
45206,"883  ","8830021","лн╗яи╣П","╦Н│Хя╝","╗я▓║│╝я","І{ЇУїД","ЊЩїЧјs","ЇЯїшјЏ",0,0,0,0,0,0
45206,"883  ","8830024","лн╗яи╣П","╦Н│Хя╝","╗я▓║│╝ях│ХП┴о│","І{ЇУїД","ЊЩїЧјs","ЇЯїшјЏЅЮімњг",0,0,0,0,0,0
45206,"883  ","8830023","лн╗яи╣П","╦Н│Хя╝","╗я▓║│╝яхи¤┴","І{ЇУїД","ЊЩїЧјs","ЇЯїшјЏЅФњг",0,0,0,0,0,0
45206,"88911","8891112","лн╗яи╣П","╦Н│Хя╝","╗▓▄и","І{ЇУїД","ЊЩїЧјs","ЇKўe",0,0,0,0,0,0
45206,"883  ","8830033","лн╗яи╣П","╦Н│Хя╝","╝хл","І{ЇУїД","ЊЩїЧјs","ЅќїЕ",0,0,0,0,0,0
45206,"883  ","8830013","лн╗яи╣П","╦Н│Хя╝","╝ПЙ▓┴о│","І{ЇУїД","ЊЩїЧјs","љVљХњг",0,0,1,0,0,0
45206,"883  ","8830011","лн╗яи╣П","╦Н│Хя╝","┐╚┴о│","І{ЇУїД","ЊЩїЧјs","Љ]Їфњг",0,0,1,0,0,0
45206,"883  ","8830061","лн╗яи╣П","╦Н│Хя╝","└я▓х│┴о│","І{ЇУїД","ЊЩїЧјs","ЉтЅцњг",0,0,1,0,0,0
45206,"883  ","8830042","лн╗яи╣П","╦Н│Хя╝","└Х╗║я┴о│","І{ЇУїД","ЊЩїЧјs","ЇѓЇ╗њг",0,0,0,0,0,0
45206,"883  ","8830063","лн╗яи╣П","╦Н│Хя╝","└╣╝¤┴о│","І{ЇУїД","ЊЩїЧјs","њ|ЊЄњг",0,0,0,0,0,0
45206,"883  ","8830052","лн╗яи╣П","╦Н│Хя╝","┬┘¤┴","І{ЇУїД","ЊЩїЧјs","њ▀њг",0,0,1,0,0,0
45206,"88301","8830111","лн╗яи╣П","╦Н│Хя╝","─│║я│┴о│╗║╔│┴","І{ЇУїД","ЊЩїЧјs","ЊїІйњгћЌќВЊЯ",0,0,0,0,0,0
45206,"88302","8830213","лн╗яи╣П","╦Н│Хя╝","─│║я│┴о│╝М╗П╣я","І{ЇУїД","ЊЩїЧјs","ЊїІйњгЅ║јOЃP",0,0,0,0,0,0
45206,"88302","8830211","лн╗яи╣П","╦Н│Хя╝","─│║я│┴о│┬╬ян","І{ЇУїД","ЊЩїЧјs","ЊїІйњгњпњJ",0,0,0,0,0,0
45206,"88301","8830108","лн╗яи╣П","╦Н│Хя╝","─│║я│┴о│╩┤╩я┘","І{ЇУїД","ЊЩїЧјs","ЊїІйњгћфЈdї┤",0,0,0,0,0,0
45206,"88301","8830109","лн╗яи╣П","╦Н│Хя╝","─│║я│┴о│н¤╣я","І{ЇУїД","ЊЩїЧјs","ЊїІйњгјRЅA",0,0,0,0,0,0
45206,"88911","8891101","лн╗яи╣П","╦Н│Хя╝","─│║я│┴о│н¤╣ях┬(─пХ▄)","І{ЇУїД","ЊЩїЧјs","ЊїІйњгјRЅAЅ│Ђiњ╣љВЂj",1,0,0,0,0,0
45206,"88301","8830101","лн╗яи╣П","╦Н│Хя╝","─│║я│┴о│н¤╣ях┬(┐╔└)","І{ЇУїД","ЊЩїЧјs","ЊїІйњгјRЅAЅ│Ђiѓ╗ѓ╠Љ╝Ђj",1,0,0,0,0,0
45206,"88301","8830105","лн╗яи╣П","╦Н│Хя╝","─│║я│┴о│н¤╣яи","І{ЇУїД","ЊЩїЧјs","ЊїІйњгјRЅAї╚",0,0,0,0,0,0
45206,"88911","8891121","лн╗яи╣П","╦Н│Хя╝","─│║я│┴о│н¤╣я║│","І{ЇУїД","ЊЩїЧјs","ЊїІйњгјRЅAЇb",0,0,0,0,0,0
45206,"88301","8830107","лн╗яи╣П","╦Н│Хя╝","─│║я│┴о│н¤╣я║│","І{ЇУїД","ЊЩїЧјs","ЊїІйњгјRЅAЇM",0,0,0,0,0,0
45206,"88301","8830106","лн╗яи╣П","╦Н│Хя╝","─│║я│┴о│н¤╣я╝П","І{ЇУїД","ЊЩїЧјs","ЊїІйњгјRЅAљh",0,0,0,0,0,0
45206,"88301","8830103","лн╗яи╣П","╦Н│Хя╝","─│║я│┴о│н¤╣я├▓","І{ЇУїД","ЊЩїЧјs","ЊїІйњгјRЅAњџ",0,0,0,0,0,0
45206,"88301","8830102","лн╗яи╣П","╦Н│Хя╝","─│║я│┴о│н¤╣я═▓","І{ЇУїД","ЊЩїЧјs","ЊїІйњгјRЅAЋИ",0,0,0,0,0,0
45206,"88301","8830104","лн╗яи╣П","╦Н│Хя╝","─│║я│┴о│н¤╣я╬я(513╔1▓┼▓)","І{ЇУїД","ЊЩїЧјs","ЊїІйњгјRЅAЋУЂiѓTѓPѓRѓ╠ѓPѕ╚ЊЯЂj",1,0,0,0,0,0
45206,"88302","8830212","лн╗яи╣П","╦Н│Хя╝","─│║я│┴о│н¤╣я╬я(┐╔└)","І{ЇУїД","ЊЩїЧјs","ЊїІйњгјRЅAЋУЂiѓ╗ѓ╠Љ╝Ђj",1,0,0,0,0,0
45206,"883  ","8830034","лн╗яи╣П","╦Н│Хя╝","─л└Х","І{ЇУїД","ЊЩїЧјs","ЋxЇѓ",0,0,0,0,0,0
45206,"883  ","8830005","лн╗яи╣П","╦Н│Хя╝","┼Х╬п┴о│","І{ЇУїД","ЊЩїЧјs","њєќxњг",0,0,1,0,0,0
45206,"883  ","8830046","лн╗яи╣П","╦Н│Хя╝","┼Х¤┴","І{ЇУїД","ЊЩїЧјs","њєњг",0,0,0,0,0,0
45206,"883  ","8830015","лн╗яи╣П","╦Н│Хя╝","┼Хя┤┴о│","І{ЇУїД","ЊЩїЧјs","ЅiЇ]њг",0,0,1,0,0,0
45206,"883  ","8830004","лн╗яи╣П","╦Н│Хя╝","╩¤¤┴","І{ЇУїД","ЊЩїЧјs","Ћlњг",0,0,1,0,0,0
45206,"883  ","8830014","лн╗яи╣П","╦Н│Хя╝","╩О¤┴","І{ЇУїД","ЊЩїЧјs","ї┤њг",0,0,1,0,0,0
45206,"883  ","8830035","лн╗яи╣П","╦Н│Хя╝","╩┘╩О┴о│","І{ЇУїД","ЊЩїЧјs","Јtї┤њг",0,0,1,0,0,0
45206,"883  ","8830062","лн╗яи╣П","╦Н│Хя╝","╦┴н","І{ЇУїД","ЊЩїЧјs","ЊЩњmЅ«",0,0,0,0,0,0
45206,"883  ","8830064","лн╗яи╣П","╦Н│Хя╝","╦┴н╠┘└┴о│","І{ЇУїД","ЊЩїЧјs","ЊЩњmЅ«ї├Њcњг",0,0,0,0,0,0
45206,"883  ","8830022","лн╗яи╣П","╦Н│Хя╝","╦О▓▄","І{ЇУїД","ЊЩїЧјs","ЋйіР",0,0,0,0,0,0
45206,"883  ","8830031","лн╗яи╣П","╦Н│Хя╝","╦О┴о│","І{ЇУїД","ЊЩїЧјs","ћСЌКњг",0,0,1,0,0,0
45206,"883  ","8830002","лн╗яи╣П","╦Н│Хя╝","╦О╔┴о│","І{ЇУїД","ЊЩїЧјs","ЋйќВњг",0,0,1,0,0,0
45206,"883  ","8830037","лн╗яи╣П","╦Н│Хя╝","╠─я│╝я","І{ЇУїД","ЊЩїЧјs","ЋsЊ«јЏ",0,0,0,0,0,0
45206,"883  ","8830065","лн╗яи╣П","╦Н│Хя╝","╠┼╩я┴о│","І{ЇУїД","ЊЩїЧјs","ЉDЈЖњг",0,0,0,0,0,0
45206,"883  ","8830001","лн╗яи╣П","╦Н│Хя╝","╬┐╝¤","І{ЇУїД","ЊЩїЧјs","ЇОЊЄ",0,0,0,0,0,0
45206,"883  ","8830045","лн╗яи╣П","╦Н│Хя╝","╬П¤┴","І{ЇУїД","ЊЩїЧјs","ќ{њг",0,0,0,0,0,0
45206,"883  ","8830036","лн╗яи╣П","╦Н│Хя╝","л┼л¤┴","І{ЇУїД","ЊЩїЧјs","ЊВњг",0,0,0,0,0,0
45206,"88911","8891111","лн╗яи╣П","╦Н│Хя╝","лл┬┴о│","І{ЇУїД","ЊЩїЧјs","ћЧЂXњ├њг",0,0,0,0,0,0
45206,"883  ","8830043","лн╗яи╣П","╦Н│Хя╝","лн║¤┴","І{ЇУїД","ЊЩїЧјs","Њsњг",0,0,0,0,0,0
45206,"883  ","8830051","лн╗яи╣П","╦Н│Хя╝","ЛХ┤┴о│","І{ЇУїД","ЊЩїЧјs","їЧЇ]њг",0,0,1,0,0,0
45206,"883  ","8830032","лн╗яи╣П","╦Н│Хя╝","н¤╝└┴о│","І{ЇУїД","ЊЩїЧјs","јRЅ║њг",0,0,1,0,0,0
45206,"883  ","8830006","лн╗яи╣П","╦Н│Хя╝","н¤├┴о│","І{ЇУїД","ЊЩїЧјs","јRјУњг",0,0,0,0,0,0
45207,"888  ","8880000","лн╗яи╣П","И╝¤╝","▓Хк╣▓╗▓Хя┼▓╩я▒▓","І{ЇУїД","ІЭінјs","ѕ╚Ѕ║ѓ╔їfЇ┌ѓфѓ╚ѓбЈЖЇЄ",0,0,0,0,0,0
45207,"888  ","8880006","лн╗яи╣П","И╝¤╝","▒ин¤","І{ЇУїД","ІЭінјs","ЈHјR",0,0,0,0,0,0
45207,"88935","8893533","лн╗яи╣П","И╝¤╝","▓┴│╝я","І{ЇУїД","ІЭінјs","ѕЖјЂ",0,0,0,0,0,0
45207,"88933","8893311","лн╗яи╣П","И╝¤╝","▓┴и","І{ЇУїД","ІЭінјs","јsќп",0,0,0,0,0,0
45207,"88802","8880221","лн╗яи╣П","И╝¤╝","хх╔","І{ЇУїД","ІЭінјs","Љтћ[",0,0,0,0,0,0
45207,"88935","8893532","лн╗яи╣П","И╝¤╝","хх╦О","І{ЇУїД","ІЭінјs","ЉтЋй",0,0,0,0,0,0
45207,"88935","8893534","лн╗яи╣П","И╝¤╝","ххн─яп","І{ЇУїД","ІЭінјs","ЉтќЬјТ",0,0,0,0,0,0
45207,"888  ","8880005","лн╗яи╣П","И╝¤╝","и└Х└","І{ЇУїД","ІЭінјs","ќkЋч",0,0,0,0,0,0
45207,"888  ","8880004","лн╗яи╣П","И╝¤╝","И╝¤","І{ЇУїД","ІЭінјs","ІЭін",0,0,0,0,0,0
45207,"888  ","8880009","лн╗яи╣П","И╝¤╝","╗и└я","І{ЇУїД","ІЭінјs","ЇУЊc",0,0,0,0,0,0
45207,"888  ","8880002","лн╗яи╣П","И╝¤╝","└Х¤┬","І{ЇУїД","ІЭінјs","ЇѓЈ╝",0,0,0,0,0,0
45207,"888  ","8880011","лн╗яи╣П","И╝¤╝","├О╗я─","І{ЇУїД","ІЭінјs","јЏЌб",0,0,1,0,0,0
45207,"88802","8880222","лн╗яи╣П","И╝¤╝","─▓","І{ЇУїД","ІЭінјs","ЊsѕС",0,0,0,0,0,0
45207,"88935","8893531","лн╗яи╣П","И╝¤╝","┼┘","І{ЇУїД","ІЭінјs","ЊяЌ»",0,0,0,0,0,0
45207,"888  ","8880001","лн╗яи╣П","И╝¤╝","к╝Х└","І{ЇУїД","ІЭінјs","љ╝Ћч",0,0,0,0,0,0
45207,"888  ","8880012","лн╗яи╣П","И╝¤╝","к╝╩¤","І{ЇУїД","ІЭінјs","љ╝Ћl",0,0,1,0,0,0
45207,"888  ","8880003","лн╗яи╣П","И╝¤╝","КИл","І{ЇУїД","ІЭінјs","ЊzІvїЕ",0,0,0,0,0,0
45207,"888  ","8880013","лн╗яи╣П","И╝¤╝","╦Хя╝¤┴","І{ЇУїД","ІЭінјs","Њїњг",0,0,0,0,0,0
45207,"888  ","8880008","лн╗яи╣П","И╝¤╝","╬П╝яо│","І{ЇУїД","ІЭінјs","ќ{Јж",0,0,0,0,0,0
45207,"888  ","8880007","лн╗яи╣П","И╝¤╝","л┼лХ└","І{ЇУїД","ІЭінјs","ЊВЋч",0,0,0,0,0,0
45208,"881  ","8810000","лн╗яи╣П","╗▓─╝","▓Хк╣▓╗▓Хя┼▓╩я▒▓","І{ЇУїД","љ╝Њsјs","ѕ╚Ѕ║ѓ╔їfЇ┌ѓфѓ╚ѓбЈЖЇЄ",0,0,0,0,0,0
45208,"881  ","8810031","лн╗яи╣П","╗▓─╝","▒╗╦","І{ЇУїД","љ╝Њsјs","ѕ«",0,0,1,0,0,0
45208,"88101","8810111","лн╗яи╣П","╗▓─╝","▒О└╣","І{ЇУїД","љ╝Њsјs","ЇrЋљ",0,0,0,0,0,0
45208,"881  ","8810011","лн╗яи╣П","╗▓─╝","▒по╝┴о│","І{ЇУїД","љ╝Њsјs","ЌLІgњг",0,0,1,0,0,0
45208,"88101","8810106","лн╗яи╣П","╗▓─╝","▓▄┬ям","І{ЇУїД","љ╝Њsјs","іРњ▄",0,0,0,0,0,0
45208,"881  ","8810001","лн╗яи╣П","╗▓─╝","хХ─ял","І{ЇУїД","љ╝Њsјs","ЅфЋx",0,0,0,0,0,0
45208,"881  ","8810012","лн╗яи╣П","╗▓─╝","х╔╗яи","І{ЇУїД","љ╝Њsјs","ЈгќВЇУ",0,0,1,0,0,0
45208,"881  ","8810013","лн╗яи╣П","╗▓─╝","х╔╗яи┴о│","І{ЇУїД","љ╝Њsјs","ЈгќВЇУњг",0,0,0,0,0,0
45208,"88111","8811121","лн╗яи╣П","╗▓─╝","х╩┤","І{ЇУїД","љ╝Њsјs","ћШћфЈd",0,0,0,0,0,0
45208,"88101","8810103","лн╗яи╣П","╗▓─╝","ХЙя","І{ЇУїД","љ╝Њsјs","Ѕ┴ље",0,0,0,0,0,0
45208,"88111","8811122","лн╗яи╣П","╗▓─╝","Х└│┴","І{ЇУїД","љ╝Њsјs","ЋлЊЯ",0,0,0,0,0,0
45208,"88101","8810104","лн╗яи╣П","╗▓─╝","Х╔└я","І{ЇУїД","љ╝Њsјs","јГќВЊc",0,0,0,0,0,0
45208,"88112","8811231","лн╗яи╣П","╗▓─╝","Хл▒╣я","І{ЇУїД","љ╝Њsјs","ЈсЌg",0,0,0,0,0,0
45208,"88101","8810115","лн╗яи╣П","╗▓─╝","Хл╗П╗я▓","І{ЇУїД","љ╝Њsјs","ЈсјOЇЯ",0,0,0,0,0,0
45208,"881  ","8810021","лн╗яи╣П","╗▓─╝","Хл¤┴","І{ЇУїД","љ╝Њsјs","Јсњг",0,0,1,0,0,0
45208,"881  ","8810004","лн╗яи╣П","╗▓─╝","иолйя","І{ЇУїД","љ╝Њsјs","љ┤љЁ",0,0,0,0,0,0
45208,"881  ","8810002","лн╗яи╣П","╗▓─╝","И█│╔","І{ЇУїД","љ╝Њsјs","ЇЋљХќВ",0,0,0,0,0,0
45208,"88003","8800341","лн╗яи╣П","╗▓─╝","╣яП╔│╝я¤","І{ЇУїД","љ╝Њsјs","ї╗ЅцЊЄ",0,0,0,0,0,0
45208,"881  ","8810022","лн╗яи╣П","╗▓─╝","╗ИОХя▄┴о│","І{ЇУїД","љ╝Њsјs","ЇэљВњг",0,0,1,0,0,0
45208,"88101","8810116","лн╗яи╣П","╗▓─╝","╗╠яХ▄","І{ЇУїД","љ╝Њsјs","ідљВ",0,0,0,0,0,0
45208,"88101","8810113","лн╗яи╣П","╗▓─╝","╝М╗П╗я▓","І{ЇУїД","љ╝Њsјs","Ѕ║јOЇЯ",0,0,0,0,0,0
45208,"881  ","8810014","лн╗яи╣П","╗▓─╝","╝М┬я¤","І{ЇУїД","љ╝Њsјs","Ѕ║Ї╚",0,0,0,0,0,0
45208,"881  ","8810032","лн╗яи╣П","╗▓─╝","╝О│¤┴о│","І{ЇУїД","љ╝Њsјs","ћњћnњг",0,0,0,0,0,0
45208,"88112","8811232","лн╗яи╣П","╗▓─╝","╝█л","І{ЇУїД","љ╝Њsјs","ІРІЙ",0,0,0,0,0,0
45208,"881  ","8810006","лн╗яи╣П","╗▓─╝","╝П¤┴","І{ЇУїД","љ╝Њsјs","љVњг",0,0,1,0,0,0
45208,"881  ","8810015","лн╗яи╣П","╗▓─╝","Й▓по│┴о│","І{ЇУїД","љ╝Њsјs","љ╣Ќ╦њг",0,0,1,0,0,0
45208,"881  ","8810037","лн╗яи╣П","╗▓─╝","┴н│й╩я┘","І{ЇУїД","љ╝Њsјs","њЃЅPї┤",0,0,0,0,0,0
45208,"881  ","8810035","лн╗яи╣П","╗▓─╝","┴Н│х│┴о│","І{ЇУїД","љ╝Њsјs","њєЅЏњг",0,0,1,0,0,0
45208,"881  ","8810023","лн╗яи╣П","╗▓─╝","┬и─я╔","І{ЇУїД","љ╝Њsјs","њ▓Њa",0,0,0,0,0,0
45208,"881  ","8810033","лн╗яи╣П","╗▓─╝","┬¤","І{ЇУїД","љ╝Њsјs","Ї╚",0,0,0,0,0,0
45208,"881  ","8810034","лн╗яи╣П","╗▓─╝","┬¤┴о│","І{ЇУїД","љ╝Њsјs","Ї╚њг",0,0,1,0,0,0
45208,"881  ","8810036","лн╗яи╣П","╗▓─╝","┬┘╗и┴о│","І{ЇУїД","љ╝Њsјs","љЁЌгЇУњг",0,0,0,0,0,0
45208,"881  ","8810025","лн╗яи╣П","╗▓─╝","─я│╝я¤┘","І{ЇУїД","љ╝Њsјs","ЊХјqі█",0,0,0,0,0,0
45208,"88101","8810114","лн╗яи╣П","╗▓─╝","─│└я","І{ЇУїД","љ╝Њsјs","ЊАЊc",0,0,0,0,0,0
45208,"88101","8810105","лн╗яи╣П","╗▓─╝","─╔║хп¤┴","І{ЇУїД","љ╝Њsјs","ЊsЅЌїSњг",0,0,0,0,0,0
45208,"88111","8811123","лн╗яи╣П","╗▓─╝","┼Хх","І{ЇУїД","љ╝Њsјs","њєћШ",0,0,0,0,0,0
45208,"881  ","8810024","лн╗яи╣П","╗▓─╝","┼Х┬я¤","І{ЇУїД","љ╝Њsјs","њєЇ╚",0,0,1,0,0,0
45208,"88112","8811233","лн╗яи╣П","╗▓─╝","╩┤","І{ЇУїД","љ╝Њsјs","ћфЈd",0,0,0,0,0,0
45208,"88101","8810102","лн╗яи╣П","╗▓─╝","═║яхп","І{ЇУїД","љ╝Њsјs","ЋйїS",0,0,0,0,0,0
45208,"881  ","8810026","лн╗яи╣П","╗▓─╝","╬и└","І{ЇУїД","љ╝Њsјs","ЋСќk",0,0,0,0,0,0
45208,"881  ","8810003","лн╗яи╣П","╗▓─╝","лия¤┬","І{ЇУїД","љ╝Њsјs","ЅEЈ╝",0,0,1,0,0,0
45208,"881  ","8810027","лн╗яи╣П","╗▓─╝","л┼лХ└","І{ЇУїД","љ╝Њsјs","ЊВЋч",0,0,0,0,0,0
45208,"88101","8810101","лн╗яи╣П","╗▓─╝","л╔│","І{ЇУїД","љ╝Њsјs","јOћ[",0,0,0,0,0,0
45208,"881  ","8810016","лн╗яи╣П","╗▓─╝","л╠╚┴о│","І{ЇУїД","љ╝Њsјs","їСЈMњг",0,0,1,0,0,0
45208,"881  ","8810005","лн╗яи╣П","╗▓─╝","лн╣","І{ЇУїД","љ╝Њsјs","јOЉЬ",0,0,0,0,0,0
45208,"88101","8810112","лн╗яи╣П","╗▓─╝","н¤└я","І{ЇУїД","љ╝Њsјs","јRЊc",0,0,0,0,0,0
45209,"88943","8894300","лн╗яи╣П","┤╦я╔╝","▓Хк╣▓╗▓Хя┼▓╩я▒▓","І{ЇУїД","ѓдѓЛѓ╠јs","ѕ╚Ѕ║ѓ╔їfЇ┌ѓфѓ╚ѓбЈЖЇЄ",0,0,0,0,0,0
45209,"88943","8894303","лн╗яи╣П","┤╦я╔╝","▓╣╝я¤","І{ЇУїД","ѓдѓЛѓ╠јs","њrЊЄ",0,0,0,0,0,0
45209,"88943","8894306","лн╗яи╣П","┤╦я╔╝","▓¤к╝","І{ЇУїД","ѓдѓЛѓ╠јs","ЇАљ╝",0,0,0,0,0,0
45209,"88941","8894162","лн╗яи╣П","┤╦я╔╝","│┴└├","І{ЇУїД","ѓдѓЛѓ╠јs","ЊЯњG",0,0,0,0,0,0
45209,"88941","8894153","лн╗яи╣П","┤╦я╔╝","│О","І{ЇУїД","ѓдѓЛѓ╠јs","ЅY",0,0,0,0,0,0
45209,"88943","8894304","лн╗яи╣П","┤╦я╔╝","│▄┤","І{ЇУїД","ѓдѓЛѓ╠јs","ЈсЇ]",0,0,0,0,0,0
45209,"88942","8894243","лн╗яи╣П","┤╦я╔╝","┤╔и└я","І{ЇУїД","ѓдѓЛѓ╠јs","Ѕ|Њc",0,0,0,0,0,0
45209,"88943","8894314","лн╗яи╣П","┤╦я╔╝","хх║│╦яО","І{ЇУїД","ѓдѓЛѓ╠јs","ЉтЅ═Ћй",0,0,0,0,0,0
45209,"88941","8894161","лн╗яи╣П","┤╦я╔╝","хХ¤┬","І{ЇУїД","ѓдѓЛѓ╠јs","ЅфЈ╝",0,0,0,0,0,0
45209,"88942","8894222","лн╗яи╣П","┤╦я╔╝","х└я","І{ЇУїД","ѓдѓЛѓ╠јs","ЈгЊc",0,0,0,0,0,0
45209,"88941","8894155","лн╗яи╣П","┤╦я╔╝","Хм╗▄","І{ЇУїД","ѓдѓЛѓ╠јs","ІTЉЫ",0,0,0,0,0,0
45209,"88942","8894221","лн╗яи╣П","┤╦я╔╝","Ип╝└","І{ЇУїД","ѓдѓЛѓ╠јs","їIЅ║",0,0,0,0,0,0
45209,"88942","8894241","лн╗яи╣П","┤╦я╔╝","╗▓║я│","І{ЇУїД","ѓдѓЛѓ╠јs","љ╝Ій",0,0,0,0,0,0
45209,"88943","8894312","лн╗яи╣П","┤╦я╔╝","╗ХМ─","І{ЇУїД","ѓдѓЛѓ╠јs","ЇРї│",0,0,0,0,0,0
45209,"88941","8894152","лн╗яи╣П","┤╦я╔╝","╝¤│┴","І{ЇУїД","ѓдѓЛѓ╠јs","ЊЄЊЯ",0,0,0,0,0,0
45209,"88941","8894164","лн╗яи╣П","┤╦я╔╝","╝о│ло│╝я","І{ЇУїД","ѓдѓЛѓ╠јs","Ј╣ќЙјЏ",0,0,0,0,0,0
45209,"88943","8894302","лн╗яи╣П","┤╦я╔╝","й┤┼Хя","І{ЇУїД","ѓдѓЛѓ╠јs","ќќЅi",0,0,0,0,0,0
45209,"88943","8894313","лн╗яи╣П","┤╦я╔╝","йияйя┘","І{ЇУїД","ѓдѓЛѓ╠јs","љЎљЁЌг",0,0,0,0,0,0
45209,"88943","8894311","лн╗яи╣П","┤╦я╔╝","└я▓ло│╝я","І{ЇУїД","ѓдѓЛѓ╠јs","ЉтќЙјi",0,0,0,0,0,0
45209,"88941","8894163","лн╗яи╣П","┤╦я╔╝","┬┘","І{ЇУїД","ѓдѓЛѓ╠јs","љЁЌг",0,0,0,0,0,0
45209,"88942","8894234","лн╗яи╣П","┤╦я╔╝","┼Хян¤","І{ЇУїД","ѓдѓЛѓ╠јs","ЅiјR",0,0,0,0,0,0
45209,"88941","8894165","лн╗яи╣П","┤╦я╔╝","к╝Х▄и└","І{ЇУїД","ѓдѓЛѓ╠јs","љ╝љВќk",0,0,0,0,0,0
45209,"88942","8894232","лн╗яи╣П","┤╦я╔╝","к╝┼Хя┤│О","І{ЇУїД","ѓдѓЛѓ╠јs","љ╝њиЇ]ЅY",0,0,0,0,0,0
45209,"88942","8894233","лн╗яи╣П","┤╦я╔╝","╩▓┬Х","І{ЇУїД","ѓдѓЛѓ╠јs","іDњ╦",0,0,0,0,0,0
45209,"88943","8894301","лн╗яи╣П","┤╦я╔╝","╩О└я","І{ЇУїД","ѓдѓЛѓ╠јs","ї┤Њc",0,0,0,0,0,0
45209,"88942","8894244","лн╗яи╣П","┤╦я╔╝","╦Хя╝Х▄и└","І{ЇУїД","ѓдѓЛѓ╠јs","ЊїљВќk",0,0,0,0,0,0
45209,"88942","8894231","лн╗яи╣П","┤╦я╔╝","╦Хя╝┼Хя┤│О","І{ЇУїД","ѓдѓЛѓ╠јs","ЊїњиЇ]ЅY",0,0,0,0,0,0
45209,"88943","8894305","лн╗яи╣П","┤╦я╔╝","¤┤└я","І{ЇУїД","ѓдѓЛѓ╠јs","ЉOЊc",0,0,0,0,0,0
45209,"88941","8894151","лн╗яи╣П","┤╦я╔╝","ЛХ┤","І{ЇУїД","ѓдѓЛѓ╠јs","їЧЇ]",0,0,0,0,0,0
45209,"88941","8894154","лн╗яи╣П","┤╦я╔╝","н┼ияйя┘","І{ЇУїД","ѓдѓЛѓ╠јs","ќШљЁЌг",0,0,0,0,0,0
45209,"88942","8894242","лн╗яи╣П","┤╦я╔╝","Н└я","І{ЇУїД","ѓдѓЛѓ╠јs","ЊњЊc",0,0,0,0,0,0
45341,"88919","8891900","лн╗яи╣П","и└М█Х└ИяПл¤└┴о│","▓Хк╣▓╗▓Хя┼▓╩я▒▓","І{ЇУїД","ќkЈћїДїSјOїмњг","ѕ╚Ѕ║ѓ╔їfЇ┌ѓфѓ╚ѓбЈЖЇЄ",0,0,0,0,0,0
45341,"88919","8891905","лн╗яи╣П","и└М█Х└ИяПл¤└┴о│","▓¤▓┴","І{ЇУїД","ќkЈћїДїSјOїмњг","ЇАјs",0,0,0,0,0,0
45341,"88919","8891901","лн╗яи╣П","и└М█Х└ИяПл¤└┴о│","Х╩ян¤","І{ЇУїД","ќkЈћїДїSјOїмњг","іњјR",0,0,0,0,0,0
45341,"88919","8891902","лн╗яи╣П","и└М█Х└ИяПл¤└┴о│","║я╬П¤┬","І{ЇУїД","ќkЈћїДїSјOїмњг","ї▄ќ{Ј╝",0,0,0,0,0,0
45341,"88919","8891904","лн╗яи╣П","и└М█Х└ИяПл¤└┴о│","╝П╩я╩я","І{ЇУїД","ќkЈћїДїSјOїмњг","љVћnЈЖ",0,0,0,0,0,0
45341,"88919","8891914","лн╗яи╣П","и└М█Х└ИяПл¤└┴о│","└├я▓╣","І{ЇУїД","ќkЈћїДїSјOїмњг","СЭњr",0,0,0,0,0,0
45341,"88919","8891906","лн╗яи╣П","и└М█Х└ИяПл¤└┴о│","┼Х╩я┘","І{ЇУїД","ќkЈћїДїSјOїмњг","њєї┤",0,0,0,0,0,0
45341,"88919","8891911","лн╗яи╣П","и└М█Х└ИяПл¤└┴о│","┼Хя└","І{ЇУїД","ќkЈћїДїSјOїмњг","њиЊc",0,0,0,0,0,0
45341,"88919","8891907","лн╗яи╣П","и└М█Х└ИяПл¤└┴о│","╩┼л╩я┘","І{ЇУїД","ќkЈћїДїSјOїмњг","ЅнїЕї┤",0,0,0,0,0,0
45341,"88919","8891903","лн╗яи╣П","и└М█Х└ИяПл¤└┴о│","╦┤└я","І{ЇУїД","ќkЈћїДїSјOїмњг","ЋBЊc",0,0,0,0,0,0
45341,"88919","8891912","лн╗яи╣П","и└М█Х└ИяПл¤└┴о│","лнЛО","І{ЇУїД","ќkЈћїДїSјOїмњг","І{Љ║",0,0,0,0,0,0
45341,"88919","8891913","лн╗яи╣П","и└М█Х└ИяПл¤└┴о│","М┴╩я┘","І{ЇУїД","ќkЈћїДїSјOїмњг","ќПї┤",0,0,0,0,0,0
45361,"88944","8894400","лн╗яи╣П","к╝М█Х└ИяП└Х╩┘┴о│","▓Хк╣▓╗▓Хя┼▓╩я▒▓","І{ЇУїД","љ╝ЈћїДїSЇѓї┤њг","ѕ╚Ѕ║ѓ╔їfЇ┌ѓфѓ╚ѓбЈЖЇЄ",0,0,0,0,0,0
45361,"88944","8894413","лн╗яи╣П","к╝М█Х└ИяП└Х╩┘┴о│","│╝█Х▄┴","І{ЇУїД","љ╝ЈћїДїSЇѓї┤њг","їсљВЊЯ",0,0,0,0,0,0
45361,"88944","8894414","лн╗яи╣П","к╝М█Х└ИяП└Х╩┘┴о│","Х¤Л└","І{ЇУїД","љ╝ЈћїДїSЇѓї┤њг","іЌќ┤Њc",0,0,0,0,0,0
45361,"88944","8894412","лн╗яи╣П","к╝М█Х└ИяП└Х╩┘┴о│","к╝╠М─","І{ЇУїД","љ╝ЈћїДїSЇѓї┤њг","љ╝ў[",0,0,0,0,0,0
45361,"88944","8894411","лн╗яи╣П","к╝М█Х└ИяП└Х╩┘┴о│","╦█▄О","І{ЇУїД","љ╝ЈћїДїSЇѓї┤њг","ЇLї┤",0,0,0,0,0,0
45382,"88011","8801100","лн╗яи╣П","╦Хя╝М█Х└ИяПИк─л┴о│","▓Хк╣▓╗▓Хя┼▓╩я▒▓","І{ЇУїД","ЊїЈћїДїSЇЉЋxњг","ѕ╚Ѕ║ѓ╔їfЇ┌ѓфѓ╚ѓбЈЖЇЄ",0,0,0,0,0,0
45382,"88011","8801103","лн╗яи╣П","╦Хя╝М█Х└ИяПИк─л┴о│","▒О╝└я","І{ЇУїД","ЊїЈћїДїSЇЉЋxњг","ЌњЊc",0,0,0,0,0,0
45382,"88011","8801121","лн╗яи╣П","╦Хя╝М█Х└ИяПИк─л┴о│","▓╗ях(╠и▒╣я)","І{ЇУїД","ЊїЈћїДїSЇЉЋxњг","ѕ╔ЇХљХЂiљЂЈсЂj",1,0,0,0,0,0
45382,"88012","8801221","лн╗яи╣П","╦Хя╝М█Х└ИяПИк─л┴о│","▓╗ях(┐╔└)","І{ЇУїД","ЊїЈћїДїSЇЉЋxњг","ѕ╔ЇХљХЂiѓ╗ѓ╠Љ╝Ђj",1,0,0,0,0,0
45382,"88011","8801111","лн╗яи╣П","╦Хя╝М█Х└ИяПИк─л┴о│","▓▄┴╔","І{ЇУїД","ЊїЈћїДїSЇЉЋxњг","іРњmќВ",0,0,0,0,0,0
45382,"88011","8801113","лн╗яи╣П","╦Хя╝М█Х└ИяПИк─л┴о│","и▄и","І{ЇУїД","ЊїЈћїДїSЇЉЋxњг","ќпўe",0,0,0,0,0,0
45382,"88011","8801114","лн╗яи╣П","╦Хя╝М█Х└ИяПИк─л┴о│","╗Пло│","І{ЇУїД","ЊїЈћїДїSЇЉЋxњг","јOќ╝",0,0,0,0,0,0
45382,"88011","8801108","лн╗яи╣П","╦Хя╝М█Х└ИяПИк─л┴о│","й╝└я","І{ЇУїД","ЊїЈћїДїSЇЉЋxњг","љ{јuЊc",0,0,0,0,0,0
45382,"88011","8801107","лн╗яи╣П","╦Хя╝М█Х└ИяПИк─л┴о│","└╣└я","І{ЇУїД","ЊїЈћїДїSЇЉЋxњг","њ|Њc",0,0,0,0,0,0
45382,"88011","8801104","лн╗яи╣П","╦Хя╝М█Х└ИяПИк─л┴о│","└╝яп","І{ЇУїД","ЊїЈћїДїSЇЉЋxњг","ЊcљK",0,0,0,0,0,0
45382,"88011","8801112","лн╗яи╣П","╦Хя╝М█Х└ИяПИк─л┴о│","┬Х╩я┘","І{ЇУїД","ЊїЈћїДїSЇЉЋxњг","њ╦ї┤",0,0,0,0,0,0
45382,"88012","8801224","лн╗яи╣П","╦Хя╝М█Х└ИяПИк─л┴о│","╠Х─я╝","І{ЇУїД","ЊїЈћїДїSЇЉЋxњг","љ[ћN",0,0,0,0,0,0
45382,"88011","8801101","лн╗яи╣П","╦Хя╝М█Х└ИяПИк─л┴о│","╬П╝яо│","І{ЇУїД","ЊїЈћїДїSЇЉЋxњг","ќ{Ј»",0,0,0,0,0,0
45382,"88011","8801102","лн╗яи╣П","╦Хя╝М█Х└ИяПИк─л┴о│","лнх│¤┘","І{ЇУїД","ЊїЈћїДїSЇЉЋxњг","І{Ѕці█",0,0,0,0,0,0
45382,"88011","8801105","лн╗яи╣П","╦Хя╝М█Х└ИяПИк─л┴о│","Л║│└Х","І{ЇУїД","ЊїЈћїДїSЇЉЋxњг","їЧЇѓ",0,0,0,0,0,0
45382,"88011","8801106","лн╗яи╣П","╦Хя╝М█Х└ИяПИк─л┴о│","Мп┼Хя","І{ЇУїД","ЊїЈћїДїSЇЉЋxњг","љXЅi",0,0,0,0,0,0
45382,"88012","8801222","лн╗яи╣П","╦Хя╝М█Х└ИяПИк─л┴о│","н┬╝█и└¤└","І{ЇУїД","ЊїЈћїДїSЇЉЋxњг","ћфЉсќkќЊ",0,0,0,0,0,0
45382,"88012","8801223","лн╗яи╣П","╦Хя╝М█Х└ИяПИк─л┴о│","н┬╝█л┼л¤└","І{ЇУїД","ЊїЈћїДїSЇЉЋxњг","ћфЉсЊВќЊ",0,0,0,0,0,0
45383,"88013","8801300","лн╗яи╣П","╦Хя╝М█Х└ИяП▒н┴о│","▓Хк╣▓╗▓Хя┼▓╩я▒▓","І{ЇУїД","ЊїЈћїДїSѕ╗њг","ѕ╚Ѕ║ѓ╔їfЇ┌ѓфѓ╚ѓбЈЖЇЄ",0,0,0,0,0,0
45383,"88013","8801301","лн╗яи╣П","╦Хя╝М█Х└ИяП▒н┴о│","▓п╔","І{ЇУїД","ЊїЈћїДїSѕ╗њг","ЊЧќВ",0,0,0,0,0,0
45383,"88013","8801302","лн╗яи╣П","╦Хя╝М█Х└ИяП▒н┴о│","и└¤└","І{ЇУїД","ЊїЈћїДїSѕ╗њг","ќkќЊ",0,0,0,0,0,0
45383,"88013","8801303","лн╗яи╣П","╦Хя╝М█Х└ИяП▒н┴о│","л┼л¤└","І{ЇУїД","ЊїЈћїДїSѕ╗њг","ЊВќЊ",0,0,0,0,0,0
45401,"884  ","8840000","лн╗яи╣П","║НИяП└Х┼═я┴о│","▓Хк╣▓╗▓Хя┼▓╩я▒▓","І{ЇУїД","јЎЊњїSЇѓЊуњг","ѕ╚Ѕ║ѓ╔їfЇ┌ѓфѓ╚ѓбЈЖЇЄ",0,0,0,0,0,0
45401,"884  ","8840006","лн╗яи╣П","║НИяП└Х┼═я┴о│","│▄┤","І{ЇУїД","јЎЊњїSЇѓЊуњг","ЈсЇ]",0,0,0,0,0,0
45401,"884  ","8840004","лн╗яи╣П","║НИяП└Х┼═я┴о│","ХИя┴│О","І{ЇУїД","јЎЊњїSЇѓЊуњг","ЅрїчЅY",0,0,0,0,0,0
45401,"884  ","8840002","лн╗яи╣П","║НИяП└Х┼═я┴о│","и└└Х┼═я","І{ЇУїД","јЎЊњїSЇѓЊуњг","ќkЇѓЊу",0,0,0,0,0,0
45401,"884  ","8840001","лн╗яи╣П","║НИяП└Х┼═я┴о│","└Х┼═я¤┴","І{ЇУїД","јЎЊњїSЇѓЊуњг","ЇѓЊуњг",0,0,0,0,0,0
45401,"884  ","8840003","лн╗яи╣П","║НИяП└Х┼═я┴о│","л┼л└Х┼═я","І{ЇУїД","јЎЊњїSЇѓЊуњг","ЊВЇѓЊу",0,0,0,0,0,0
45401,"884  ","8840005","лн╗яи╣П","║НИяП└Х┼═я┴о│","М┴└я","І{ЇУїД","јЎЊњїSЇѓЊуњг","јЮЊc",0,0,0,0,0,0
45402,"88914","8891400","лн╗яи╣П","║НИяП╝П─л┴о│","▓Хк╣▓╗▓Хя┼▓╩я▒▓","І{ЇУїД","јЎЊњїSљVЋxњг","ѕ╚Ѕ║ѓ╔їfЇ┌ѓфѓ╚ѓбЈЖЇЄ",0,0,0,0,0,0
45402,"88914","8891405","лн╗яи╣П","║НИяП╝П─л┴о│","▓ИО","І{ЇУїД","јЎЊњїSљVЋxњг","ѕ╔Љq",0,0,0,0,0,0
45402,"88914","8891403","лн╗яи╣П","║НИяП╝П─л┴о│","Хл─П└я","І{ЇУїД","јЎЊњїSљVЋxњг","ЈсЋxЊc",0,0,0,0,0,0
45402,"88914","8891404","лн╗яи╣П","║НИяП╝П─л┴о│","╝М─П└я","І{ЇУїД","јЎЊњїSљVЋxњг","Ѕ║ЋxЊc",0,0,0,0,0,0
45402,"88914","8891411","лн╗яи╣П","║НИяП╝П─л┴о│","─П└я","І{ЇУїД","јЎЊњїSљVЋxњг","ЋxЊc",0,0,1,0,0,0
45402,"88914","8891415","лн╗яи╣П","║НИяП╝П─л┴о│","─П└яи└","І{ЇУїД","јЎЊњїSљVЋxњг","ЋxЊcќk",0,0,1,0,0,0
45402,"88914","8891412","лн╗яи╣П","║НИяП╝П─л┴о│","─П└я╦Хя╝","І{ЇУїД","јЎЊњїSљVЋxњг","ЋxЊcЊї",0,0,1,0,0,0
45402,"88914","8891413","лн╗яи╣П","║НИяП╝П─л┴о│","─П└як╝","І{ЇУїД","јЎЊњїSљVЋxњг","ЋxЊcљ╝",0,0,1,0,0,0
45402,"88914","8891414","лн╗яи╣П","║НИяП╝П─л┴о│","─П└ял┼л","І{ЇУїД","јЎЊњїSљVЋxњг","ЋxЊcЊВ",0,0,1,0,0,0
45402,"88914","8891406","лн╗яи╣П","║НИяП╝П─л┴о│","кН│└","І{ЇУїД","јЎЊњїSљVЋxњг","љVЊc",0,0,0,0,0,0
45402,"88914","8891401","лн╗яи╣П","║НИяП╝П─л┴о│","╦хи","І{ЇУїД","јЎЊњїSљVЋxњг","ЊЩњu",0,0,0,0,0,0
45402,"88914","8891402","лн╗яи╣П","║НИяП╝П─л┴о│","л┼╝█","І{ЇУїД","јЎЊњїSљVЋxњг","јOћ[Љс",0,0,0,0,0,0
45403,"88114","8811400","лн╗яи╣П","║НИяПк╝мО┐П","▓Хк╣▓╗▓Хя┼▓╩я▒▓","І{ЇУїД","јЎЊњїSљ╝Ћ─ЌКЉ║","ѕ╚Ѕ║ѓ╔їfЇ┌ѓфѓ╚ѓбЈЖЇЄ",0,0,0,0,0,0
45403,"88114","8811412","лн╗яи╣П","║НИяПк╝мО┐П","▓└н","І{ЇУїД","јЎЊњїSљ╝Ћ─ЌКЉ║","ћ┬њJ",0,0,0,0,0,0
45403,"88113","8811302","лн╗яи╣П","║НИяПк╝мО┐П","хХя▄","І{ЇУїД","јЎЊњїSљ╝Ћ─ЌКЉ║","ЈгљВ",0,0,0,0,0,0
45403,"88114","8811413","лн╗яи╣П","║НИяПк╝мО┐П","ХПмО","І{ЇУїД","јЎЊњїSљ╝Ћ─ЌКЉ║","ЈсЋ─ЌК",0,0,0,0,0,0
45403,"88113","8811301","лн╗яи╣П","║НИяПк╝мО┐П","║╝╔х","І{ЇУїД","јЎЊњїSљ╝Ћ─ЌКЉ║","ЅzќВћШ",0,0,0,0,0,0
45403,"88114","8811414","лн╗яи╣П","║НИяПк╝мО┐П","└╣▄О","І{ЇУїД","јЎЊњїSљ╝Ћ─ЌКЉ║","њ|ї┤",0,0,0,0,0,0
45403,"88114","8811411","лн╗яи╣П","║НИяПк╝мО┐П","ЛО╝о","І{ЇУїД","јЎЊњїSљ╝Ћ─ЌКЉ║","Љ║Јі",0,0,0,0,0,0
45403,"88113","8811303","лн╗яи╣П","║НИяПк╝мО┐П","о║╔","І{ЇУїД","јЎЊњїSљ╝Ћ─ЌКЉ║","ЅАќВ",0,0,0,0,0,0
45404,"88401","8840100","лн╗яи╣П","║НИяПи╝яо│┴о│","▓Хк╣▓╗▓Хя┼▓╩я▒▓","І{ЇУїД","јЎЊњїSќпЈжњг","ѕ╚Ѕ║ѓ╔їfЇ┌ѓфѓ╚ѓбЈЖЇЄ",0,0,0,0,0,0
45404,"88401","8840104","лн╗яи╣П","║НИяПи╝яо│┴о│","▓╝Х▄│┴","І{ЇУїД","јЎЊњїSќпЈжњг","љ╬Ѕ═ЊЯ",0,0,0,0,0,0
45404,"88401","8840103","лн╗яи╣П","║НИяПи╝яо│┴о│","Х▄╩я┘","І{ЇУїД","јЎЊњїSќпЈжњг","љВї┤",0,0,0,0,0,0
45404,"88401","8840102","лн╗яи╣П","║НИяПи╝яо│┴о│","╝▓╔и","І{ЇУїД","јЎЊњїSќпЈжњг","њ┼ќп",0,0,0,0,0,0
45404,"88401","8840101","лн╗яи╣П","║НИяПи╝яо│┴о│","└Х╝яо│","І{ЇУїД","јЎЊњїSќпЈжњг","ЇѓЈж",0,0,0,0,0,0
45404,"88401","8840105","лн╗яи╣П","║НИяПи╝яо│┴о│","┼Х╔¤└","І{ЇУїД","јЎЊњїSќпЈжњг","њєћVќћ",0,0,0,0,0,0
45405,"88913","8891300","лн╗яи╣П","║НИяПХ▄л┼л┴о│","▓Хк╣▓╗▓Хя┼▓╩я▒▓","І{ЇУїД","јЎЊњїSљВЊВњг","ѕ╚Ѕ║ѓ╔їfЇ┌ѓфѓ╚ѓбЈЖЇЄ",0,0,0,0,0,0
45405,"88913","8891301","лн╗яи╣П","║НИяПХ▄л┼л┴о│","Х▄л┼л","І{ЇУїД","јЎЊњїSљВЊВњг","љВЊВ",0,0,0,0,0,0
45405,"88913","8891302","лн╗яи╣П","║НИяПХ▄л┼л┴о│","═▓└я","І{ЇУїД","јЎЊњїSљВЊВњг","ЋйЊc",0,0,0,0,0,0
45406,"88912","8891200","лн╗яи╣П","║НИяП┬╔┴о│","▓Хк╣▓╗▓Хя┼▓╩я▒▓","І{ЇУїД","јЎЊњїSЊsћ_њг","ѕ╚Ѕ║ѓ╔їfЇ┌ѓфѓ╚ѓбЈЖЇЄ",0,0,0,0,0,0
45406,"88912","8891201","лн╗яи╣П","║НИяП┬╔┴о│","Х▄и└","І{ЇУїД","јЎЊњїSЊsћ_њг","љВќk",0,0,0,0,0,0
45421,"88906","8890600","лн╗яи╣П","╦Хя╝│йиИяПХ─яХя▄┴о│","▓Хк╣▓╗▓Хя┼▓╩я▒▓","І{ЇУїД","ЊїЅPІnїSќтљВњг","ѕ╚Ѕ║ѓ╔їfЇ┌ѓфѓ╚ѓбЈЖЇЄ",0,0,0,0,0,0
45421,"88906","8890602","лн╗яи╣П","╦Хя╝│йиИяПХ─яХя▄┴о│","▓хпХя▄","І{ЇУїД","ЊїЅPІnїSќтљВњг","ѕ┴љВ",0,0,0,0,0,0
45421,"88906","8890605","лн╗яи╣П","╦Хя╝│йиИяПХ─яХя▄┴о│","▓хпХя▄к╝","І{ЇУїД","ЊїЅPІnїSќтљВњг","ѕ┴љВљ╝",0,0,0,0,0,0
45421,"88906","8890603","лн╗яи╣П","╦Хя╝│йиИяПХ─яХя▄┴о│","ХИ╗","І{ЇУїД","ЊїЅPІnїSќтљВњг","Ѕ┴Љљ",0,0,0,0,0,0
45421,"88906","8890611","лн╗яи╣П","╦Хя╝│йиИяПХ─яХя▄┴о│","Х─яХ▄хйя┤","І{ЇУїД","ЊїЅPІnїSќтљВњг","ќтљВћШќќ",0,0,0,0,0,0
45421,"88906","8890614","лн╗яи╣П","╦Хя╝│йиИяПХ─яХя▄┴о│","Хл╔¤┴","І{ЇУїД","ЊїЅPІnїSќтљВњг","Јсњг",0,0,1,0,0,0
45421,"88906","8890604","лн╗яи╣П","╦Хя╝│йиИяПХ─яХя▄┴о│","Х▄┴","І{ЇУїД","ЊїЅPІnїSќтљВњг","љВЊЯ",0,0,0,0,0,0
45421,"88906","8890615","лн╗яи╣П","╦Хя╝│йиИяПХ─яХя▄┴о│","╗Х┤ХяхХ","І{ЇУїД","ЊїЅPІnїSќтљВњг","ЅhЃPІu",0,0,1,0,0,0
45421,"88906","8890624","лн╗яи╣П","╦Хя╝│йиИяПХ─яХя▄┴о│","╝яо│ХяхХ","І{ЇУїД","ЊїЅPІnїSќтљВњг","ЈжЃPІu",0,0,0,0,0,0
45421,"88906","8890601","лн╗яи╣П","╦Хя╝│йиИяПХ─яХя▄┴о│","йХя╗и","І{ЇУїД","ЊїЅPІnїSќтљВњг","љ{ЅЖЇУ",0,0,1,0,0,0
45421,"88906","8890612","лн╗яи╣П","╦Хя╝│йиИяПХ─яХя▄┴о│","┼Хй","І{ЇУїД","ЊїЅPІnїSќтљВњг","њєљ{",0,0,1,0,0,0
45421,"88906","8890622","лн╗яи╣П","╦Хя╝│йиИяПХ─яХя▄┴о│","к╝╗Х┤¤┴","І{ЇУїД","ЊїЅPІnїSќтљВњг","љ╝Ѕhњг",0,0,1,0,0,0
45421,"88906","8890621","лн╗яи╣П","╦Хя╝│йиИяПХ─яХя▄┴о│","╦Хя╝╗Х┤¤┴","І{ЇУїД","ЊїЅPІnїSќтљВњг","ЊїЅhњг",0,0,1,0,0,0
45421,"88906","8890626","лн╗яи╣П","╦Хя╝│йиИяПХ─яХя▄┴о│","╦О╝яо│к╝","І{ЇУїД","ЊїЅPІnїSќтљВњг","ЋйЈжљ╝",0,0,0,0,0,0
45421,"88906","8890625","лн╗яи╣П","╦Хя╝│йиИяПХ─яХя▄┴о│","╦О╝яо│╦Хя╝","І{ЇУїД","ЊїЅPІnїSќтљВњг","ЋйЈжЊї",0,0,0,0,0,0
45421,"88906","8890613","лн╗яи╣П","╦Хя╝│йиИяПХ─яХя▄┴о│","╬П¤┴","І{ЇУїД","ЊїЅPІnїSќтљВњг","ќ{њг",0,0,1,0,0,0
45421,"88906","8890617","лн╗яи╣П","╦Хя╝│йиИяПХ─яХя▄┴о│","л┼лХяхХ","І{ЇУїД","ЊїЅPІnїSќтљВњг","ЊВЃPІu",0,0,1,0,0,0
45421,"88906","8890616","лн╗яи╣П","╦Хя╝│йиИяПХ─яХя▄┴о│","л┼л¤┴","І{ЇУїД","ЊїЅPІnїSќтљВњг","ЊВњг",0,0,1,0,0,0
45421,"88906","8890623","лн╗яи╣П","╦Хя╝│йиИяПХ─яХя▄┴о│","лнХя╩О","І{ЇУїД","ЊїЅPІnїSќтљВњг","І{ЃPї┤",0,0,1,0,0,0
45429,"88313","8831300","лн╗яи╣П","╦Хя╝│йиИяПМ█┬Х┐П","▓Хк╣▓╗▓Хя┼▓╩я▒▓","І{ЇУїД","ЊїЅPІnїSЈћњ╦Љ║","ѕ╚Ѕ║ѓ╔їfЇ┌ѓфѓ╚ѓбЈЖЇЄ",0,0,0,0,0,0
45429,"88313","8831301","лн╗яи╣П","╦Хя╝│йиИяПМ█┬Х┐П","┤╝█","І{ЇУїД","ЊїЅPІnїSЈћњ╦Љ║","ЅкЉс",0,0,0,0,0,0
45429,"88314","8831402","лн╗яи╣П","╦Хя╝│йиИяПМ█┬Х┐П","┼┼┬н¤(▓▓╬я╝цх╩яО▓цХ▄│┴ц└├▓▄ц╩┤╔╦Оц╬ПЛО)","І{ЇУїД","ЊїЅPІnїSЈћњ╦Љ║","јхЃcјRЂiћЛі▒ЂAЈгї┤ѕСЂAљВЊЯЂAЌДіРЂAћфЈdѓ╠ЋйЂAќ{Љ║Ђj",1,0,0,0,0,0
45429,"88313","8831302","лн╗яи╣П","╦Хя╝│йиИяПМ█┬Х┐П","┼┼┬н¤(┐╔└)","І{ЇУїД","ЊїЅPІnїSЈћњ╦Љ║","јхЃcјRЂiѓ╗ѓ╠Љ╝Ђj",1,0,0,0,0,0
45430,"88316","8831600","лн╗яи╣П","╦Хя╝│йиИяП╝▓╩я┐П","▓Хк╣▓╗▓Хя┼▓╩я▒▓","І{ЇУїД","ЊїЅPІnїSњ┼ЌtЉ║","ѕ╚Ѕ║ѓ╔їfЇ┌ѓфѓ╚ѓбЈЖЇЄ",0,0,0,0,0,0
45430,"88304","8830402","лн╗яи╣П","╦Хя╝│йиИяП╝▓╩я┐П","ххХ▄│┴(1-1302╩яП┴)","І{ЇУїД","ЊїЅPІnїSњ┼ЌtЉ║","ЉтЅ═ЊЯЂiѓPЂ`ѓPѓRѓOѓQћнњnЂj",1,0,0,0,0,0
45430,"88316","8831602","лн╗яи╣П","╦Хя╝│йиИяП╝▓╩я┐П","ххХ▄│┴(┐╔└)","І{ЇУїД","ЊїЅPІnїSњ┼ЌtЉ║","ЉтЅ═ЊЯЂiѓ╗ѓ╠Љ╝Ђj",1,0,0,0,0,0
45430,"88316","8831601","лн╗яи╣П","╦Хя╝│йиИяП╝▓╩я┐П","╝М╠ИО","І{ЇУїД","ЊїЅPІnїSњ┼ЌtЉ║","Ѕ║ЋЪЌК",0,0,0,0,0,0
45430,"88316","8831603","лн╗яи╣П","╦Хя╝│йиИяП╝▓╩я┐П","╠─я╔","І{ЇУїД","ЊїЅPІnїSњ┼ЌtЉ║","ЋsЊyќВ",0,0,0,0,0,0
45430,"88316","8831604","лн╗яи╣П","╦Хя╝│йиИяП╝▓╩я┐П","¤┬х","І{ЇУїД","ЊїЅPІnїSњ┼ЌtЉ║","Ј╝ћШ",0,0,0,0,0,0
45431,"88311","8831100","лн╗яи╣П","╦Хя╝│йиИяПл╗─┴о│","▓Хк╣▓╗▓Хя┼▓╩я▒▓","І{ЇУїД","ЊїЅPІnїSћЧІйњг","ѕ╚Ѕ║ѓ╔їfЇ┌ѓфѓ╚ѓбЈЖЇЄ",0,0,0,0,0,0
45431,"88909","8890901","лн╗яи╣П","╦Хя╝│йиИяПл╗─┴о│","и└║я││┼¤","І{ЇУїД","ЊїЅPІnїSћЧІйњг","ќkІйЅFћ[ін",0,0,0,0,0,0
45431,"88909","8890903","лн╗яи╣П","╦Хя╝│йиИяПл╗─┴о│","и└║я│И█ия","І{ЇУїД","ЊїЅPІnїSћЧІйњг","ќkІйЇЋќп",0,0,0,0,0,0
45431,"88909","8890902","лн╗яи╣П","╦Хя╝│йиИяПл╗─┴о│","и└║я│кН│╝└","І{ЇУїД","ЊїЅPІnїSћЧІйњг","ќkІйЊЧЅ║",0,0,0,0,0,0
45431,"88312","8831212","лн╗яи╣П","╦Хя╝│йиИяПл╗─┴о│","╗▓║я│х╩я┘","І{ЇУїД","ЊїЅPІnїSћЧІйњг","љ╝ІйЈгї┤",0,0,0,0,0,0
45431,"88311","8831101","лн╗яи╣П","╦Хя╝│йиИяПл╗─┴о│","╗▓║я│└╝█","І{ЇУїД","ЊїЅPІnїSћЧІйњг","љ╝ІйЊcЉс",0,0,0,0,0,0
45431,"88311","8831102","лн╗яи╣П","╦Хя╝│йиИяПл╗─┴о│","╗▓║я│└├▓╝","І{ЇУїД","ЊїЅPІnїSћЧІйњг","љ╝ІйЌДљ╬",0,0,0,0,0,0
45431,"88312","8831211","лн╗яи╣П","╦Хя╝│йиИяПл╗─┴о│","╗▓║я│н¤╗ПХя","І{ЇУїД","ЊїЅPІnїSћЧІйњг","љ╝ІйјRјOЃќ",0,0,0,0,0,0
45431,"88303","8830303","лн╗яи╣П","╦Хя╝│йиИяПл╗─┴о│","┼П║я│Хл─яХя▄","І{ЇУїД","ЊїЅPІnїSћЧІйњг","ЊВІйЈсЊnљВ",0,0,0,0,0,0
45431,"88303","8830304","лн╗яи╣П","╦Хя╝│йиИяПл╗─┴о│","┼П║я│и╝я╔","І{ЇУїД","ЊїЅPІnїSћЧІйњг","ЊВІйІSљ_ќВ",0,0,0,0,0,0
45431,"88303","8830302","лн╗яи╣П","╦Хя╝│йиИяПл╗─┴о│","┼П║я│┼Х─яХя▄","І{ЇУїД","ЊїЅPІnїSћЧІйњг","ЊВІйњєЊnљВ",0,0,0,0,0,0
45431,"88303","8830306","лн╗яи╣П","╦Хя╝│йиИяПл╗─┴о│","┼П║я│лХ─я","І{ЇУїД","ЊїЅPІnїSћЧІйњг","ЊВІйљ_ќт",0,0,0,0,0,0
45431,"88303","8830301","лн╗яи╣П","╦Хя╝│йиИяПл╗─┴о│","┼П║я│лйя╝└як","І{ЇУїД","ЊїЅPІnїSћЧІйњг","ЊВІйљЁљ┤њJ",0,0,0,0,0,0
45431,"88303","8830305","лн╗яи╣П","╦Хя╝│йиИяПл╗─┴о│","┼П║я│н¤╗ПХя","І{ЇУїД","ЊїЅPІnїSћЧІйњг","ЊВІйјRјOЃќ",0,0,0,0,0,0
45441,"88211","8821100","лн╗яи╣П","к╝│йиИяП└Х┴╬┴о│","▓Хк╣▓╗▓Хя┼▓╩я▒▓","І{ЇУїД","љ╝ЅPІnїSЇѓљуЋСњг","ѕ╚Ѕ║ѓ╔їfЇ┌ѓфѓ╚ѓбЈЖЇЄ",0,0,0,0,0,0
45441,"88216","8821621","лн╗яи╣П","к╝│йиИяП└Х┴╬┴о│","▓▄─","І{ЇУїД","љ╝ЅPІnїSЇѓљуЋСњг","іРї╦",0,0,0,0,0,0
45441,"88211","8821102","лн╗яи╣П","к╝│йиИяП└Х┴╬┴о│","х╝Х└","І{ЇУїД","љ╝ЅPІnїSЇѓљуЋСњг","ЅЪЋч",0,0,0,0,0,0
45441,"88216","8821622","лн╗яи╣П","к╝│йиИяП└Х┴╬┴о│","Хл▓▄─","І{ЇУїД","љ╝ЅPІnїSЇѓљуЋСњг","ЈсіРї╦",0,0,0,0,0,0
45441,"88214","8821411","лн╗яи╣П","к╝│йиИяП└Х┴╬┴о│","Хл╔","І{ЇУїД","љ╝ЅPІnїSЇѓљуЋСњг","ЈсќВ",0,0,0,0,0,0
45441,"88214","8821414","лн╗яи╣П","к╝│йиИяП└Х┴╬┴о│","Х▄┴","І{ЇУїД","љ╝ЅPІnїSЇѓљуЋСњг","Ѕ═ЊЯ",0,0,0,0,0,0
45441,"88214","8821415","лн╗яи╣П","к╝│йиИяП└Х┴╬┴о│","║яХ╝о","І{ЇУїД","љ╝ЅPІnїSЇѓљуЋСњг","ї▄ЃPЈі",0,0,0,0,0,0
45441,"88214","8821412","лн╗яи╣П","к╝│йиИяП└Х┴╬┴о│","╝М╔","І{ЇУїД","љ╝ЅPІnїSЇѓљуЋСњг","Ѕ║ќВ",0,0,0,0,0,0
45441,"88214","8821413","лн╗яи╣П","к╝│йиИяП└Х┴╬┴о│","└╩я┘","І{ЇУїД","љ╝ЅPІnїSЇѓљуЋСњг","Њcї┤",0,0,0,0,0,0
45441,"88211","8821101","лн╗яи╣П","к╝│йиИяП└Х┴╬┴о│","л└▓","І{ЇУїД","љ╝ЅPІnїSЇѓљуЋСњг","јOЊcѕС",0,0,0,0,0,0
45441,"88211","8821103","лн╗яи╣П","к╝│йиИяП└Х┴╬┴о│","Л║│н¤","І{ЇУїД","љ╝ЅPІnїSЇѓљуЋСњг","їЧјR",0,0,0,0,0,0
45442,"88204","8820400","лн╗яи╣П","к╝│йиИяП╦╔Х╣я┴о│","▓Хк╣▓╗▓Хя┼▓╩я▒▓","І{ЇУїД","љ╝ЅPІnїSЊЩћVЅeњг","ѕ╚Ѕ║ѓ╔їfЇ┌ѓфѓ╚ѓбЈЖЇЄ",0,0,0,0,0,0
45442,"88203","8820302","лн╗яи╣П","к╝│йиИяП╦╔Х╣я┴о│","▓▄▓Х▄(╗Х▓╔)","І{ЇУїД","љ╝ЅPІnїSЊЩћVЅeњг","іРѕСљВЂiІФќВЂj",1,0,0,0,0,0
45442,"88204","8820402","лн╗яи╣П","к╝│йиИяП╦╔Х╣я┴о│","▓▄▓Х▄(┐╔└)","І{ЇУїД","љ╝ЅPІnїSЊЩћVЅeњг","іРѕСљВЂiѓ╗ѓ╠Љ╝Ђj",1,0,0,0,0,0
45442,"88203","8820301","лн╗яи╣П","к╝│йиИяП╦╔Х╣я┴о│","┼┼хп(▒╣яцХ╗─яцХ╩яияц╝╝Хя▄ц╝П¤┴ц└и╔│┴ц┼ХХя▄ц","І{ЇУїД","љ╝ЅPІnїSЊЩћVЅeњг","јхљ▄ЂiѕбЅ║ЂAі}ї╦ЂAіЉќпЂAјГљВЂAљVњгЂAЉЖЃmЊЯЂAњєљВЂA",1,0,0,0,0,0
45442,"88203","8820301","лн╗яи╣П","к╝│йиИяП╦╔Х╣я┴о│","к╝╔│┴ц╠╚╔хцн─цн┼╗яи)","І{ЇУїД","љ╝ЅPІnїSЊЩћVЅeњг","љ╝ЃmЊЯЂAЈMЃmћШЂAћфї╦ЂAР╩ЇУЂj",1,0,0,0,0,0
45442,"88204","8820401","лн╗яи╣П","к╝│йиИяП╦╔Х╣я┴о│","┼┼хп(┐╔└)","І{ЇУїД","љ╝ЅPІnїSЊЩћVЅeњг","јхљ▄Ђiѓ╗ѓ╠Љ╝Ђj",1,0,0,0,0,0
45442,"88204","8820403","лн╗яи╣П","к╝│йиИяП╦╔Х╣я┴о│","л└├","І{ЇУїД","љ╝ЅPІnїSЊЩћVЅeњг","їЕЌД",0,0,0,0,0,0
45442,"88203","8820304","лн╗яи╣П","к╝│йиИяП╦╔Х╣я┴о│","▄╣╝яо│","І{ЇУїД","љ╝ЅPІnїSЊЩћVЅeњг","ЋфЈж",0,0,0,0,0,0
45443,"88212","8821200","лн╗яи╣П","к╝│йиИяП║яХЙ┴о│","▓Хк╣▓╗▓Хя┼▓╩я▒▓","І{ЇУїД","љ╝ЅPІnїSї▄ЃќљБњг","ѕ╚Ѕ║ѓ╔їfЇ┌ѓфѓ╚ѓбЈЖЇЄ",0,0,0,0,0,0
45443,"88212","8821201","лн╗яи╣П","к╝│йиИяП║яХЙ┴о│","ИОхХ","І{ЇУїД","љ╝ЅPІnїSї▄ЃќљБњг","ѕкЅф",0,0,0,0,0,0
45443,"88212","8821202","лн╗яи╣П","к╝│йиИяП║яХЙ┴о│","И▄╔│┴","І{ЇУїД","љ╝ЅPІnїSї▄ЃќљБњг","їKќВЊЯ",0,0,0,0,0,0
45443,"88212","8821203","лн╗яи╣П","к╝│йиИяП║яХЙ┴о│","╗ПХ╝о","І{ЇУїД","љ╝ЅPІnїSї▄ЃќљБњг","јOЃќЈі",0,0,0,0,0,0
